Page Type,Page Title,File Name,Updated URL,Visible Main Words,Area,Service,CSS Mode,JavaScript Mode
Error,Page Not Found,404.html,https://lucknow-massage-spa.github.io/women-therapist-near-me/404.html,422,,,Embedded inside HTML,Embedded inside HTML
Area+Service,"Back Pain Relief Massage in Adil Nagar, Lucknow",area-services/adil-nagar-back-pain-relief-massage.html,https://lucknow-massage-spa.github.io/women-therapist-near-me/area-services/adil-nagar-back-pain-relief-massage.html,3081,Adil Nagar,Back Pain Relief Massage,Embedded inside HTML,Embedded inside HTML
Area+Service,"Full Body Relaxation Massage in Adil Nagar, Lucknow",area-services/adil-nagar-full-body-relaxation-massage.html,https://lucknow-massage-spa.github.io/women-therapist-near-me/area-services/adil-nagar-full-body-relaxation-massage.html,3067,Adil Nagar,Full Body Relaxation Massage,Embedded inside HTML,Embedded inside HTML
Area,"Women Therapist Near Me in Adil Nagar, Lucknow",areas/adil-nagar-home-massage.html,https://lucknow-massage-spa.github.io/women-therapist-near-me/areas/adil-nagar-home-massage.html,2382,Adil Nagar,,Embedded inside HTML,Embedded inside HTML
Area+Service,"Period Pain Relief Massage in Adil Nagar, Lucknow",area-services/adil-nagar-period-pain-relief-massage.html,https://lucknow-massage-spa.github.io/women-therapist-near-me/area-services/adil-nagar-period-pain-relief-massage.html,3083,Adil Nagar,Period Pain Relief Massage,Embedded inside HTML,Embedded inside HTML
Area+Service,"Back Pain Relief Massage in Alambagh, Lucknow",area-services/alambagh-back-pain-relief-massage.html,https://lucknow-massage-spa.github.io/women-therapist-near-me/area-services/alambagh-back-pain-relief-massage.html,3020,Alambagh,Back Pain Relief Massage,Embedded inside HTML,Embedded inside HTML
Area+Service,"Full Body Relaxation Massage in Alambagh, Lucknow",area-services/alambagh-full-body-relaxation-massage.html,https://lucknow-massage-spa.github.io/women-therapist-near-me/area-services/alambagh-full-body-relaxation-massage.html,3005,Alambagh,Full Body Relaxation Massage,Embedded inside HTML,Embedded inside HTML
Area,"Women Therapist Near Me in Alambagh, Lucknow",areas/alambagh-home-massage.html,https://lucknow-massage-spa.github.io/women-therapist-near-me/areas/alambagh-home-massage.html,2339,Alambagh,,Embedded inside HTML,Embedded inside HTML
Area+Service,"Period Pain Relief Massage in Alambagh, Lucknow",area-services/alambagh-period-pain-relief-massage.html,https://lucknow-massage-spa.github.io/women-therapist-near-me/area-services/alambagh-period-pain-relief-massage.html,3024,Alambagh,Period Pain Relief Massage,Embedded inside HTML,Embedded inside HTML
Area+Service,"Back Pain Relief Massage in Alamnagar, Lucknow",area-services/alamnagar-back-pain-relief-massage.html,https://lucknow-massage-spa.github.io/women-therapist-near-me/area-services/alamnagar-back-pain-relief-massage.html,3024,Alamnagar,Back Pain Relief Massage,Embedded inside HTML,Embedded inside HTML
Area+Service,"Full Body Relaxation Massage in Alamnagar, Lucknow",area-services/alamnagar-full-body-relaxation-massage.html,https://lucknow-massage-spa.github.io/women-therapist-near-me/area-services/alamnagar-full-body-relaxation-massage.html,3003,Alamnagar,Full Body Relaxation Massage,Embedded inside HTML,Embedded inside HTML
Area,"Women Therapist Near Me in Alamnagar, Lucknow",areas/alamnagar-home-massage.html,https://lucknow-massage-spa.github.io/women-therapist-near-me/areas/alamnagar-home-massage.html,2344,Alamnagar,,Embedded inside HTML,Embedded inside HTML
Area+Service,"Period Pain Relief Massage in Alamnagar, Lucknow",area-services/alamnagar-period-pain-relief-massage.html,https://lucknow-massage-spa.github.io/women-therapist-near-me/area-services/alamnagar-period-pain-relief-massage.html,3008,Alamnagar,Period Pain Relief Massage,Embedded inside HTML,Embedded inside HTML
Area+Service,"Back Pain Relief Massage in Aliganj, Lucknow",area-services/aliganj-back-pain-relief-massage.html,https://lucknow-massage-spa.github.io/women-therapist-near-me/area-services/aliganj-back-pain-relief-massage.html,3019,Aliganj,Back Pain Relief Massage,Embedded inside HTML,Embedded inside HTML
Area+Service,"Full Body Relaxation Massage in Aliganj, Lucknow",area-services/aliganj-full-body-relaxation-massage.html,https://lucknow-massage-spa.github.io/women-therapist-near-me/area-services/aliganj-full-body-relaxation-massage.html,3009,Aliganj,Full Body Relaxation Massage,Embedded inside HTML,Embedded inside HTML
Area,"Women Therapist Near Me in Aliganj, Lucknow",areas/aliganj-home-massage.html,https://lucknow-massage-spa.github.io/women-therapist-near-me/areas/aliganj-home-massage.html,2349,Aliganj,,Embedded inside HTML,Embedded inside HTML
Area+Service,"Period Pain Relief Massage in Aliganj, Lucknow",area-services/aliganj-period-pain-relief-massage.html,https://lucknow-massage-spa.github.io/women-therapist-near-me/area-services/aliganj-period-pain-relief-massage.html,3008,Aliganj,Period Pain Relief Massage,Embedded inside HTML,Embedded inside HTML
Area+Service,"Back Pain Relief Massage in Amar Shaheed Path, Lucknow",area-services/amar-shaheed-path-back-pain-relief-massage.html,https://lucknow-massage-spa.github.io/women-therapist-near-me/area-services/amar-shaheed-path-back-pain-relief-massage.html,3134,Amar Shaheed Path,Back Pain Relief Massage,Embedded inside HTML,Embedded inside HTML
Area+Service,"Full Body Relaxation Massage in Amar Shaheed Path, Lucknow",area-services/amar-shaheed-path-full-body-relaxation-massage.html,https://lucknow-massage-spa.github.io/women-therapist-near-me/area-services/amar-shaheed-path-full-body-relaxation-massage.html,3125,Amar Shaheed Path,Full Body Relaxation Massage,Embedded inside HTML,Embedded inside HTML
Area,"Women Therapist Near Me in Amar Shaheed Path, Lucknow",areas/amar-shaheed-path-home-massage.html,https://lucknow-massage-spa.github.io/women-therapist-near-me/areas/amar-shaheed-path-home-massage.html,2465,Amar Shaheed Path,,Embedded inside HTML,Embedded inside HTML
Area+Service,"Period Pain Relief Massage in Amar Shaheed Path, Lucknow",area-services/amar-shaheed-path-period-pain-relief-massage.html,https://lucknow-massage-spa.github.io/women-therapist-near-me/area-services/amar-shaheed-path-period-pain-relief-massage.html,3135,Amar Shaheed Path,Period Pain Relief Massage,Embedded inside HTML,Embedded inside HTML
Area+Service,"Back Pain Relief Massage in Amausi, Lucknow",area-services/amausi-back-pain-relief-massage.html,https://lucknow-massage-spa.github.io/women-therapist-near-me/area-services/amausi-back-pain-relief-massage.html,3030,Amausi,Back Pain Relief Massage,Embedded inside HTML,Embedded inside HTML
Area+Service,"Full Body Relaxation Massage in Amausi, Lucknow",area-services/amausi-full-body-relaxation-massage.html,https://lucknow-massage-spa.github.io/women-therapist-near-me/area-services/amausi-full-body-relaxation-massage.html,2997,Amausi,Full Body Relaxation Massage,Embedded inside HTML,Embedded inside HTML
Area,"Women Therapist Near Me in Amausi, Lucknow",areas/amausi-home-massage.html,https://lucknow-massage-spa.github.io/women-therapist-near-me/areas/amausi-home-massage.html,2346,Amausi,,Embedded inside HTML,Embedded inside HTML
Area+Service,"Period Pain Relief Massage in Amausi, Lucknow",area-services/amausi-period-pain-relief-massage.html,https://lucknow-massage-spa.github.io/women-therapist-near-me/area-services/amausi-period-pain-relief-massage.html,3021,Amausi,Period Pain Relief Massage,Embedded inside HTML,Embedded inside HTML
Area+Service,"Back Pain Relief Massage in Aminabad, Lucknow",area-services/aminabad-back-pain-relief-massage.html,https://lucknow-massage-spa.github.io/women-therapist-near-me/area-services/aminabad-back-pain-relief-massage.html,3009,Aminabad,Back Pain Relief Massage,Embedded inside HTML,Embedded inside HTML
Area+Service,"Full Body Relaxation Massage in Aminabad, Lucknow",area-services/aminabad-full-body-relaxation-massage.html,https://lucknow-massage-spa.github.io/women-therapist-near-me/area-services/aminabad-full-body-relaxation-massage.html,2989,Aminabad,Full Body Relaxation Massage,Embedded inside HTML,Embedded inside HTML
Area,"Women Therapist Near Me in Aminabad, Lucknow",areas/aminabad-home-massage.html,https://lucknow-massage-spa.github.io/women-therapist-near-me/areas/aminabad-home-massage.html,2340,Aminabad,,Embedded inside HTML,Embedded inside HTML
Area+Service,"Period Pain Relief Massage in Aminabad, Lucknow",area-services/aminabad-period-pain-relief-massage.html,https://lucknow-massage-spa.github.io/women-therapist-near-me/area-services/aminabad-period-pain-relief-massage.html,3008,Aminabad,Period Pain Relief Massage,Embedded inside HTML,Embedded inside HTML
Service,Anti-Stress Massage,services/anti-stress-massage.html,https://lucknow-massage-spa.github.io/women-therapist-near-me/services/anti-stress-massage.html,2078,,Anti-Stress Massage,Embedded inside HTML,Embedded inside HTML
Services Hub,300 Lucknow Area and Service Pages,area-services/index.html,https://lucknow-massage-spa.github.io/women-therapist-near-me/area-services/,2854,,,Embedded inside HTML,Embedded inside HTML
Areas Hub,100 Lucknow Areas for Home Wellness Enquiries,areas/index.html,https://lucknow-massage-spa.github.io/women-therapist-near-me/areas/,737,,,Embedded inside HTML,Embedded inside HTML
Area+Service,"Back Pain Relief Massage in Arjunganj, Lucknow",area-services/arjunganj-back-pain-relief-massage.html,https://lucknow-massage-spa.github.io/women-therapist-near-me/area-services/arjunganj-back-pain-relief-massage.html,3022,Arjunganj,Back Pain Relief Massage,Embedded inside HTML,Embedded inside HTML
Area+Service,"Full Body Relaxation Massage in Arjunganj, Lucknow",area-services/arjunganj-full-body-relaxation-massage.html,https://lucknow-massage-spa.github.io/women-therapist-near-me/area-services/arjunganj-full-body-relaxation-massage.html,2997,Arjunganj,Full Body Relaxation Massage,Embedded inside HTML,Embedded inside HTML
Area,"Women Therapist Near Me in Arjunganj, Lucknow",areas/arjunganj-home-massage.html,https://lucknow-massage-spa.github.io/women-therapist-near-me/areas/arjunganj-home-massage.html,2337,Arjunganj,,Embedded inside HTML,Embedded inside HTML
Area+Service,"Period Pain Relief Massage in Arjunganj, Lucknow",area-services/arjunganj-period-pain-relief-massage.html,https://lucknow-massage-spa.github.io/women-therapist-near-me/area-services/arjunganj-period-pain-relief-massage.html,3029,Arjunganj,Period Pain Relief Massage,Embedded inside HTML,Embedded inside HTML
Service,Aromatherapy Massage,services/aromatherapy-massage.html,https://lucknow-massage-spa.github.io/women-therapist-near-me/services/aromatherapy-massage.html,2076,,Aromatherapy Massage,Embedded inside HTML,Embedded inside HTML
Area+Service,"Back Pain Relief Massage in Ashiyana, Lucknow",area-services/ashiyana-back-pain-relief-massage.html,https://lucknow-massage-spa.github.io/women-therapist-near-me/area-services/ashiyana-back-pain-relief-massage.html,3019,Ashiyana,Back Pain Relief Massage,Embedded inside HTML,Embedded inside HTML
Area+Service,"Back Pain Relief Massage in Ashiyana Colony, Lucknow",area-services/ashiyana-colony-back-pain-relief-massage.html,https://lucknow-massage-spa.github.io/women-therapist-near-me/area-services/ashiyana-colony-back-pain-relief-massage.html,3079,Ashiyana Colony,Back Pain Relief Massage,Embedded inside HTML,Embedded inside HTML
Area+Service,"Full Body Relaxation Massage in Ashiyana Colony, Lucknow",area-services/ashiyana-colony-full-body-relaxation-massage.html,https://lucknow-massage-spa.github.io/women-therapist-near-me/area-services/ashiyana-colony-full-body-relaxation-massage.html,3048,Ashiyana Colony,Full Body Relaxation Massage,Embedded inside HTML,Embedded inside HTML
Area,"Women Therapist Near Me in Ashiyana Colony, Lucknow",areas/ashiyana-colony-home-massage.html,https://lucknow-massage-spa.github.io/women-therapist-near-me/areas/ashiyana-colony-home-massage.html,2404,Ashiyana Colony,,Embedded inside HTML,Embedded inside HTML
Area+Service,"Period Pain Relief Massage in Ashiyana Colony, Lucknow",area-services/ashiyana-colony-period-pain-relief-massage.html,https://lucknow-massage-spa.github.io/women-therapist-near-me/area-services/ashiyana-colony-period-pain-relief-massage.html,3087,Ashiyana Colony,Period Pain Relief Massage,Embedded inside HTML,Embedded inside HTML
Area+Service,"Full Body Relaxation Massage in Ashiyana, Lucknow",area-services/ashiyana-full-body-relaxation-massage.html,https://lucknow-massage-spa.github.io/women-therapist-near-me/area-services/ashiyana-full-body-relaxation-massage.html,3004,Ashiyana,Full Body Relaxation Massage,Embedded inside HTML,Embedded inside HTML
Area,"Women Therapist Near Me in Ashiyana, Lucknow",areas/ashiyana-home-massage.html,https://lucknow-massage-spa.github.io/women-therapist-near-me/areas/ashiyana-home-massage.html,2334,Ashiyana,,Embedded inside HTML,Embedded inside HTML
Area+Service,"Period Pain Relief Massage in Ashiyana, Lucknow",area-services/ashiyana-period-pain-relief-massage.html,https://lucknow-massage-spa.github.io/women-therapist-near-me/area-services/ashiyana-period-pain-relief-massage.html,3023,Ashiyana,Period Pain Relief Massage,Embedded inside HTML,Embedded inside HTML
Service,Back Pain Relief Massage,services/back-pain-relief-massage.html,https://lucknow-massage-spa.github.io/women-therapist-near-me/services/back-pain-relief-massage.html,2204,,Back Pain Relief Massage,Embedded inside HTML,Embedded inside HTML
Area+Service,"Back Pain Relief Massage in Bakshi Ka Talab, Lucknow",area-services/bakshi-ka-talab-back-pain-relief-massage.html,https://lucknow-massage-spa.github.io/women-therapist-near-me/area-services/bakshi-ka-talab-back-pain-relief-massage.html,3120,Bakshi Ka Talab,Back Pain Relief Massage,Embedded inside HTML,Embedded inside HTML
Area+Service,"Full Body Relaxation Massage in Bakshi Ka Talab, Lucknow",area-services/bakshi-ka-talab-full-body-relaxation-massage.html,https://lucknow-massage-spa.github.io/women-therapist-near-me/area-services/bakshi-ka-talab-full-body-relaxation-massage.html,3125,Bakshi Ka Talab,Full Body Relaxation Massage,Embedded inside HTML,Embedded inside HTML
Area,"Women Therapist Near Me in Bakshi Ka Talab, Lucknow",areas/bakshi-ka-talab-home-massage.html,https://lucknow-massage-spa.github.io/women-therapist-near-me/areas/bakshi-ka-talab-home-massage.html,2471,Bakshi Ka Talab,,Embedded inside HTML,Embedded inside HTML
Area+Service,"Period Pain Relief Massage in Bakshi Ka Talab, Lucknow",area-services/bakshi-ka-talab-period-pain-relief-massage.html,https://lucknow-massage-spa.github.io/women-therapist-near-me/area-services/bakshi-ka-talab-period-pain-relief-massage.html,3121,Bakshi Ka Talab,Period Pain Relief Massage,Embedded inside HTML,Embedded inside HTML
Area+Service,"Back Pain Relief Massage in Balaganj, Lucknow",area-services/balaganj-back-pain-relief-massage.html,https://lucknow-massage-spa.github.io/women-therapist-near-me/area-services/balaganj-back-pain-relief-massage.html,3029,Balaganj,Back Pain Relief Massage,Embedded inside HTML,Embedded inside HTML
Area+Service,"Full Body Relaxation Massage in Balaganj, Lucknow",area-services/balaganj-full-body-relaxation-massage.html,https://lucknow-massage-spa.github.io/women-therapist-near-me/area-services/balaganj-full-body-relaxation-massage.html,3006,Balaganj,Full Body Relaxation Massage,Embedded inside HTML,Embedded inside HTML
Area,"Women Therapist Near Me in Balaganj, Lucknow",areas/balaganj-home-massage.html,https://lucknow-massage-spa.github.io/women-therapist-near-me/areas/balaganj-home-massage.html,2347,Balaganj,,Embedded inside HTML,Embedded inside HTML
Area+Service,"Period Pain Relief Massage in Balaganj, Lucknow",area-services/balaganj-period-pain-relief-massage.html,https://lucknow-massage-spa.github.io/women-therapist-near-me/area-services/balaganj-period-pain-relief-massage.html,3016,Balaganj,Period Pain Relief Massage,Embedded inside HTML,Embedded inside HTML
Area+Service,"Back Pain Relief Massage in Bangla Bazar, Lucknow",area-services/bangla-bazar-back-pain-relief-massage.html,https://lucknow-massage-spa.github.io/women-therapist-near-me/area-services/bangla-bazar-back-pain-relief-massage.html,3085,Bangla Bazar,Back Pain Relief Massage,Embedded inside HTML,Embedded inside HTML
Area+Service,"Full Body Relaxation Massage in Bangla Bazar, Lucknow",area-services/bangla-bazar-full-body-relaxation-massage.html,https://lucknow-massage-spa.github.io/women-therapist-near-me/area-services/bangla-bazar-full-body-relaxation-massage.html,3031,Bangla Bazar,Full Body Relaxation Massage,Embedded inside HTML,Embedded inside HTML
Area,"Women Therapist Near Me in Bangla Bazar, Lucknow",areas/bangla-bazar-home-massage.html,https://lucknow-massage-spa.github.io/women-therapist-near-me/areas/bangla-bazar-home-massage.html,2402,Bangla Bazar,,Embedded inside HTML,Embedded inside HTML
Area+Service,"Period Pain Relief Massage in Bangla Bazar, Lucknow",area-services/bangla-bazar-period-pain-relief-massage.html,https://lucknow-massage-spa.github.io/women-therapist-near-me/area-services/bangla-bazar-period-pain-relief-massage.html,3071,Bangla Bazar,Period Pain Relief Massage,Embedded inside HTML,Embedded inside HTML
Area+Service,"Back Pain Relief Massage in Bijnor, Lucknow",area-services/bijnor-back-pain-relief-massage.html,https://lucknow-massage-spa.github.io/women-therapist-near-me/area-services/bijnor-back-pain-relief-massage.html,3015,Bijnor,Back Pain Relief Massage,Embedded inside HTML,Embedded inside HTML
Area+Service,"Full Body Relaxation Massage in Bijnor, Lucknow",area-services/bijnor-full-body-relaxation-massage.html,https://lucknow-massage-spa.github.io/women-therapist-near-me/area-services/bijnor-full-body-relaxation-massage.html,3015,Bijnor,Full Body Relaxation Massage,Embedded inside HTML,Embedded inside HTML
Area,"Women Therapist Near Me in Bijnor, Lucknow",areas/bijnor-home-massage.html,https://lucknow-massage-spa.github.io/women-therapist-near-me/areas/bijnor-home-massage.html,2340,Bijnor,,Embedded inside HTML,Embedded inside HTML
Area+Service,"Period Pain Relief Massage in Bijnor, Lucknow",area-services/bijnor-period-pain-relief-massage.html,https://lucknow-massage-spa.github.io/women-therapist-near-me/area-services/bijnor-period-pain-relief-massage.html,3014,Bijnor,Period Pain Relief Massage,Embedded inside HTML,Embedded inside HTML
Blog,5 Benefits of Anti-Stress Massage for Period Pain,blog/blog-5-benefits-of-anti-stress-massage-for-period-pain.html,https://lucknow-massage-spa.github.io/women-therapist-near-me/blog/blog-5-benefits-of-anti-stress-massage-for-period-pain.html,2894,,Anti-Stress Massage,Embedded inside HTML,Embedded inside HTML
Blog,5 Benefits of Aromatherapy Massage for Period Pain,blog/blog-5-benefits-of-aromatherapy-massage-for-period-pain.html,https://lucknow-massage-spa.github.io/women-therapist-near-me/blog/blog-5-benefits-of-aromatherapy-massage-for-period-pain.html,2899,,Aromatherapy Massage,Embedded inside HTML,Embedded inside HTML
Blog,5 Benefits of Back Pain Relief Massage for Period Pain,blog/blog-5-benefits-of-back-pain-relief-massage-for-period-pain.html,https://lucknow-massage-spa.github.io/women-therapist-near-me/blog/blog-5-benefits-of-back-pain-relief-massage-for-period-pain.html,3003,,Back Pain Relief Massage,Embedded inside HTML,Embedded inside HTML
Blog,5 Benefits of Body Pain Relief Massage for Period Pain,blog/blog-5-benefits-of-body-pain-relief-massage-for-period-pain.html,https://lucknow-massage-spa.github.io/women-therapist-near-me/blog/blog-5-benefits-of-body-pain-relief-massage-for-period-pain.html,2993,,Body Pain Relief Massage,Embedded inside HTML,Embedded inside HTML
Blog,5 Benefits of Cramps Relief Massage for Period Pain,blog/blog-5-benefits-of-cramps-relief-massage-for-period-pain.html,https://lucknow-massage-spa.github.io/women-therapist-near-me/blog/blog-5-benefits-of-cramps-relief-massage-for-period-pain.html,2946,,Cramps Relief Massage,Embedded inside HTML,Embedded inside HTML
Blog,5 Benefits of Deep Tissue Massage for Period Pain,blog/blog-5-benefits-of-deep-tissue-massage-for-period-pain.html,https://lucknow-massage-spa.github.io/women-therapist-near-me/blog/blog-5-benefits-of-deep-tissue-massage-for-period-pain.html,2937,,Deep Tissue Massage,Embedded inside HTML,Embedded inside HTML
Blog,5 Benefits of Foot Reflexology for Period Pain,blog/blog-5-benefits-of-foot-reflexology-for-period-pain.html,https://lucknow-massage-spa.github.io/women-therapist-near-me/blog/blog-5-benefits-of-foot-reflexology-for-period-pain.html,2885,,Foot Reflexology,Embedded inside HTML,Embedded inside HTML
Blog,5 Benefits of Full Body Relaxation Massage for Period Pain,blog/blog-5-benefits-of-full-body-relaxation-massage-for-period-pain.html,https://lucknow-massage-spa.github.io/women-therapist-near-me/blog/blog-5-benefits-of-full-body-relaxation-massage-for-period-pain.html,3006,,Full Body Relaxation Massage,Embedded inside HTML,Embedded inside HTML
Blog,5 Benefits of Head & Neck Massage for Period Pain,blog/blog-5-benefits-of-head-and-neck-massage-for-period-pain.html,https://lucknow-massage-spa.github.io/women-therapist-near-me/blog/blog-5-benefits-of-head-and-neck-massage-for-period-pain.html,2978,,Head & Neck Massage,Embedded inside HTML,Embedded inside HTML
Blog,5 Benefits of Home Physiotherapy for Period Pain,blog/blog-5-benefits-of-home-physiotherapy-for-period-pain.html,https://lucknow-massage-spa.github.io/women-therapist-near-me/blog/blog-5-benefits-of-home-physiotherapy-for-period-pain.html,2882,,Home Physiotherapy,Embedded inside HTML,Embedded inside HTML
Blog,5 Benefits of Hot Oil Massage for Period Pain,blog/blog-5-benefits-of-hot-oil-massage-for-period-pain.html,https://lucknow-massage-spa.github.io/women-therapist-near-me/blog/blog-5-benefits-of-hot-oil-massage-for-period-pain.html,2932,,Hot Oil Massage,Embedded inside HTML,Embedded inside HTML
Blog,5 Benefits of Joint Pain Therapy for Period Pain,blog/blog-5-benefits-of-joint-pain-therapy-for-period-pain.html,https://lucknow-massage-spa.github.io/women-therapist-near-me/blog/blog-5-benefits-of-joint-pain-therapy-for-period-pain.html,2936,,Joint Pain Therapy,Embedded inside HTML,Embedded inside HTML
Blog,5 Benefits of Leg Pain Therapy for Period Pain,blog/blog-5-benefits-of-leg-pain-therapy-for-period-pain.html,https://lucknow-massage-spa.github.io/women-therapist-near-me/blog/blog-5-benefits-of-leg-pain-therapy-for-period-pain.html,2957,,Leg Pain Therapy,Embedded inside HTML,Embedded inside HTML
Blog,5 Benefits of Monthly Care Plan for Period Pain,blog/blog-5-benefits-of-monthly-care-plan-for-period-pain.html,https://lucknow-massage-spa.github.io/women-therapist-near-me/blog/blog-5-benefits-of-monthly-care-plan-for-period-pain.html,2939,,Monthly Care Plan,Embedded inside HTML,Embedded inside HTML
Blog,5 Benefits of Muscle Relaxation Therapy for Period Pain,blog/blog-5-benefits-of-muscle-relaxation-therapy-for-period-pain.html,https://lucknow-massage-spa.github.io/women-therapist-near-me/blog/blog-5-benefits-of-muscle-relaxation-therapy-for-period-pain.html,2942,,Muscle Relaxation Therapy,Embedded inside HTML,Embedded inside HTML
Blog,5 Benefits of Period Pain Relief Massage for Period Pain,blog/blog-5-benefits-of-period-pain-relief-massage-for-period-pain.html,https://lucknow-massage-spa.github.io/women-therapist-near-me/blog/blog-5-benefits-of-period-pain-relief-massage-for-period-pain.html,3003,,Period Pain Relief Massage,Embedded inside HTML,Embedded inside HTML
Blog,5 Benefits of Postnatal Massage for Period Pain,blog/blog-5-benefits-of-postnatal-massage-for-period-pain.html,https://lucknow-massage-spa.github.io/women-therapist-near-me/blog/blog-5-benefits-of-postnatal-massage-for-period-pain.html,2871,,Postnatal Massage,Embedded inside HTML,Embedded inside HTML
Blog,5 Benefits of Prenatal Massage for Period Pain,blog/blog-5-benefits-of-prenatal-massage-for-period-pain.html,https://lucknow-massage-spa.github.io/women-therapist-near-me/blog/blog-5-benefits-of-prenatal-massage-for-period-pain.html,2884,,Prenatal Massage,Embedded inside HTML,Embedded inside HTML
Blog,5 Benefits of Senior Citizen Massage Therapy for Period Pain,blog/blog-5-benefits-of-senior-citizen-massage-therapy-for-period-pain.html,https://lucknow-massage-spa.github.io/women-therapist-near-me/blog/blog-5-benefits-of-senior-citizen-massage-therapy-for-period-pain.html,2993,,Senior Citizen Massage Therapy,Embedded inside HTML,Embedded inside HTML
Blog,5 Benefits of Shoulder & Neck Pain Massage for Period Pain,blog/blog-5-benefits-of-shoulder-and-neck-pain-massage-for-period-pain.html,https://lucknow-massage-spa.github.io/women-therapist-near-me/blog/blog-5-benefits-of-shoulder-and-neck-pain-massage-for-period-pain.html,3035,,Shoulder & Neck Pain Massage,Embedded inside HTML,Embedded inside HTML
Blog,5 Benefits of Spine Alignment Therapy for Period Pain,blog/blog-5-benefits-of-spine-alignment-therapy-for-period-pain.html,https://lucknow-massage-spa.github.io/women-therapist-near-me/blog/blog-5-benefits-of-spine-alignment-therapy-for-period-pain.html,2935,,Spine Alignment Therapy,Embedded inside HTML,Embedded inside HTML
Blog,5 Benefits of Sports Recovery Massage for Period Pain,blog/blog-5-benefits-of-sports-recovery-massage-for-period-pain.html,https://lucknow-massage-spa.github.io/women-therapist-near-me/blog/blog-5-benefits-of-sports-recovery-massage-for-period-pain.html,2942,,Sports Recovery Massage,Embedded inside HTML,Embedded inside HTML
Blog,5 Benefits of Stress & Mood Relief Therapy for Period Pain,blog/blog-5-benefits-of-stress-and-mood-relief-therapy-for-period-pain.html,https://lucknow-massage-spa.github.io/women-therapist-near-me/blog/blog-5-benefits-of-stress-and-mood-relief-therapy-for-period-pain.html,3046,,Stress & Mood Relief Therapy,Embedded inside HTML,Embedded inside HTML
Blog,5 Benefits of Swedish Massage for Period Pain,blog/blog-5-benefits-of-swedish-massage-for-period-pain.html,https://lucknow-massage-spa.github.io/women-therapist-near-me/blog/blog-5-benefits-of-swedish-massage-for-period-pain.html,2890,,Swedish Massage,Embedded inside HTML,Embedded inside HTML
Blog,5 Benefits of Wellness Massage Package for Period Pain,blog/blog-5-benefits-of-wellness-massage-package-for-period-pain.html,https://lucknow-massage-spa.github.io/women-therapist-near-me/blog/blog-5-benefits-of-wellness-massage-package-for-period-pain.html,2941,,Wellness Massage Package,Embedded inside HTML,Embedded inside HTML
Blog,Anti-Stress Massage vs Painkillers: What Works Better,blog/blog-anti-stress-massage-vs-painkillers-what-works-better.html,https://lucknow-massage-spa.github.io/women-therapist-near-me/blog/blog-anti-stress-massage-vs-painkillers-what-works-better.html,2920,,Anti-Stress Massage,Embedded inside HTML,Embedded inside HTML
Blog,Aromatherapy Massage vs Painkillers: What Works Better,blog/blog-aromatherapy-massage-vs-painkillers-what-works-better.html,https://lucknow-massage-spa.github.io/women-therapist-near-me/blog/blog-aromatherapy-massage-vs-painkillers-what-works-better.html,2945,,Aromatherapy Massage,Embedded inside HTML,Embedded inside HTML
Blog,Back Pain Relief Massage vs Painkillers: What Works Better,blog/blog-back-pain-relief-massage-vs-painkillers-what-works-better.html,https://lucknow-massage-spa.github.io/women-therapist-near-me/blog/blog-back-pain-relief-massage-vs-painkillers-what-works-better.html,3021,,Back Pain Relief Massage,Embedded inside HTML,Embedded inside HTML
Blog,"Best Home Massage Options in Aminabad, Lucknow",blog/blog-best-home-massage-options-in-aminabad-lucknow.html,https://lucknow-massage-spa.github.io/women-therapist-near-me/blog/blog-best-home-massage-options-in-aminabad-lucknow.html,3149,Aminabad,,Embedded inside HTML,Embedded inside HTML
Blog,"Best Home Massage Options in Balaganj, Lucknow",blog/blog-best-home-massage-options-in-balaganj-lucknow.html,https://lucknow-massage-spa.github.io/women-therapist-near-me/blog/blog-best-home-massage-options-in-balaganj-lucknow.html,3160,Balaganj,,Embedded inside HTML,Embedded inside HTML
Blog,"Best Home Massage Options in Chandganj, Lucknow",blog/blog-best-home-massage-options-in-chandganj-lucknow.html,https://lucknow-massage-spa.github.io/women-therapist-near-me/blog/blog-best-home-massage-options-in-chandganj-lucknow.html,3163,Chandganj,,Embedded inside HTML,Embedded inside HTML
Blog,"Best Home Massage Options in Chinhat, Lucknow",blog/blog-best-home-massage-options-in-chinhat-lucknow.html,https://lucknow-massage-spa.github.io/women-therapist-near-me/blog/blog-best-home-massage-options-in-chinhat-lucknow.html,3140,Chinhat,,Embedded inside HTML,Embedded inside HTML
Blog,"Best Home Massage Options in Chowk, Lucknow",blog/blog-best-home-massage-options-in-chowk-lucknow.html,https://lucknow-massage-spa.github.io/women-therapist-near-me/blog/blog-best-home-massage-options-in-chowk-lucknow.html,3125,Chowk,,Embedded inside HTML,Embedded inside HTML
Blog,"Best Home Massage Options in Civil Lines, Lucknow",blog/blog-best-home-massage-options-in-civil-lines-lucknow.html,https://lucknow-massage-spa.github.io/women-therapist-near-me/blog/blog-best-home-massage-options-in-civil-lines-lucknow.html,3213,Civil Lines,,Embedded inside HTML,Embedded inside HTML
Blog,"Best Home Massage Options in Ganeshganj, Lucknow",blog/blog-best-home-massage-options-in-ganeshganj-lucknow.html,https://lucknow-massage-spa.github.io/women-therapist-near-me/blog/blog-best-home-massage-options-in-ganeshganj-lucknow.html,3147,Ganeshganj,,Embedded inside HTML,Embedded inside HTML
Blog,"Best Home Massage Options in Gomti Nagar Extension, Lucknow",blog/blog-best-home-massage-options-in-gomti-nagar-extension-lucknow.html,https://lucknow-massage-spa.github.io/women-therapist-near-me/blog/blog-best-home-massage-options-in-gomti-nagar-extension-lucknow.html,3245,Gomti Nagar Extension,,Embedded inside HTML,Embedded inside HTML
Blog,"Best Home Massage Options in Gomti Nagar, Lucknow",blog/blog-best-home-massage-options-in-gomti-nagar-lucknow.html,https://lucknow-massage-spa.github.io/women-therapist-near-me/blog/blog-best-home-massage-options-in-gomti-nagar-lucknow.html,3201,Gomti Nagar,,Embedded inside HTML,Embedded inside HTML
Blog,"Best Home Massage Options in HAL Colony, Lucknow",blog/blog-best-home-massage-options-in-hal-colony-lucknow.html,https://lucknow-massage-spa.github.io/women-therapist-near-me/blog/blog-best-home-massage-options-in-hal-colony-lucknow.html,3202,HAL Colony,,Embedded inside HTML,Embedded inside HTML
Blog,"Best Home Massage Options in Hazratganj, Lucknow",blog/blog-best-home-massage-options-in-hazratganj-lucknow.html,https://lucknow-massage-spa.github.io/women-therapist-near-me/blog/blog-best-home-massage-options-in-hazratganj-lucknow.html,3159,Hazratganj,,Embedded inside HTML,Embedded inside HTML
Blog,"Best Home Massage Options in Husainganj, Lucknow",blog/blog-best-home-massage-options-in-husainganj-lucknow.html,https://lucknow-massage-spa.github.io/women-therapist-near-me/blog/blog-best-home-massage-options-in-husainganj-lucknow.html,3142,Husainganj,,Embedded inside HTML,Embedded inside HTML
Blog,"Best Home Massage Options in Indira Nagar, Lucknow",blog/blog-best-home-massage-options-in-indira-nagar-lucknow.html,https://lucknow-massage-spa.github.io/women-therapist-near-me/blog/blog-best-home-massage-options-in-indira-nagar-lucknow.html,3208,Indira Nagar,,Embedded inside HTML,Embedded inside HTML
Blog,"Best Home Massage Options in Lalbagh, Lucknow",blog/blog-best-home-massage-options-in-lalbagh-lucknow.html,https://lucknow-massage-spa.github.io/women-therapist-near-me/blog/blog-best-home-massage-options-in-lalbagh-lucknow.html,3150,Lalbagh,,Embedded inside HTML,Embedded inside HTML
Blog,"Best Home Massage Options in Mahanagar, Lucknow",blog/blog-best-home-massage-options-in-mahanagar-lucknow.html,https://lucknow-massage-spa.github.io/women-therapist-near-me/blog/blog-best-home-massage-options-in-mahanagar-lucknow.html,3145,Mahanagar,,Embedded inside HTML,Embedded inside HTML
Blog,"Best Home Massage Options in Nishatganj, Lucknow",blog/blog-best-home-massage-options-in-nishatganj-lucknow.html,https://lucknow-massage-spa.github.io/women-therapist-near-me/blog/blog-best-home-massage-options-in-nishatganj-lucknow.html,3140,Nishatganj,,Embedded inside HTML,Embedded inside HTML
Blog,"Best Home Massage Options in Qaiserbagh, Lucknow",blog/blog-best-home-massage-options-in-qaiserbagh-lucknow.html,https://lucknow-massage-spa.github.io/women-therapist-near-me/blog/blog-best-home-massage-options-in-qaiserbagh-lucknow.html,3143,Qaiserbagh,,Embedded inside HTML,Embedded inside HTML
Blog,"Best Home Massage Options in Rakabganj, Lucknow",blog/blog-best-home-massage-options-in-rakabganj-lucknow.html,https://lucknow-massage-spa.github.io/women-therapist-near-me/blog/blog-best-home-massage-options-in-rakabganj-lucknow.html,3154,Rakabganj,,Embedded inside HTML,Embedded inside HTML
Blog,"Best Home Massage Options in Vibhuti Khand, Lucknow",blog/blog-best-home-massage-options-in-vibhuti-khand-lucknow.html,https://lucknow-massage-spa.github.io/women-therapist-near-me/blog/blog-best-home-massage-options-in-vibhuti-khand-lucknow.html,3209,Vibhuti Khand,,Embedded inside HTML,Embedded inside HTML
Blog,"Best Home Massage Options in Vijayant Khand, Lucknow",blog/blog-best-home-massage-options-in-vijayant-khand-lucknow.html,https://lucknow-massage-spa.github.io/women-therapist-near-me/blog/blog-best-home-massage-options-in-vijayant-khand-lucknow.html,3210,Vijayant Khand,,Embedded inside HTML,Embedded inside HTML
Blog,"Best Home Massage Options in Vikrant Khand, Lucknow",blog/blog-best-home-massage-options-in-vikrant-khand-lucknow.html,https://lucknow-massage-spa.github.io/women-therapist-near-me/blog/blog-best-home-massage-options-in-vikrant-khand-lucknow.html,3217,Vikrant Khand,,Embedded inside HTML,Embedded inside HTML
Blog,"Best Home Massage Options in Vinay Khand, Lucknow",blog/blog-best-home-massage-options-in-vinay-khand-lucknow.html,https://lucknow-massage-spa.github.io/women-therapist-near-me/blog/blog-best-home-massage-options-in-vinay-khand-lucknow.html,3209,Vinay Khand,,Embedded inside HTML,Embedded inside HTML
Blog,"Best Home Massage Options in Vipin Khand, Lucknow",blog/blog-best-home-massage-options-in-vipin-khand-lucknow.html,https://lucknow-massage-spa.github.io/women-therapist-near-me/blog/blog-best-home-massage-options-in-vipin-khand-lucknow.html,3210,Vipin Khand,,Embedded inside HTML,Embedded inside HTML
Blog,"Best Home Massage Options in Vipul Khand, Lucknow",blog/blog-best-home-massage-options-in-vipul-khand-lucknow.html,https://lucknow-massage-spa.github.io/women-therapist-near-me/blog/blog-best-home-massage-options-in-vipul-khand-lucknow.html,3192,Vipul Khand,,Embedded inside HTML,Embedded inside HTML
Blog,"Best Home Massage Options in Viraj Khand, Lucknow",blog/blog-best-home-massage-options-in-viraj-khand-lucknow.html,https://lucknow-massage-spa.github.io/women-therapist-near-me/blog/blog-best-home-massage-options-in-viraj-khand-lucknow.html,3213,Viraj Khand,,Embedded inside HTML,Embedded inside HTML
Blog,Body Pain Relief Massage vs Painkillers: What Works Better,blog/blog-body-pain-relief-massage-vs-painkillers-what-works-better.html,https://lucknow-massage-spa.github.io/women-therapist-near-me/blog/blog-body-pain-relief-massage-vs-painkillers-what-works-better.html,3029,,Body Pain Relief Massage,Embedded inside HTML,Embedded inside HTML
Blog,Complete Guide to Anti-Stress Massage at Home,blog/blog-complete-guide-to-anti-stress-massage-at-home.html,https://lucknow-massage-spa.github.io/women-therapist-near-me/blog/blog-complete-guide-to-anti-stress-massage-at-home.html,2902,,Anti-Stress Massage,Embedded inside HTML,Embedded inside HTML
Blog,Complete Guide to Aromatherapy Massage at Home,blog/blog-complete-guide-to-aromatherapy-massage-at-home.html,https://lucknow-massage-spa.github.io/women-therapist-near-me/blog/blog-complete-guide-to-aromatherapy-massage-at-home.html,2914,,Aromatherapy Massage,Embedded inside HTML,Embedded inside HTML
Blog,Complete Guide to Back Pain Relief Massage at Home,blog/blog-complete-guide-to-back-pain-relief-massage-at-home.html,https://lucknow-massage-spa.github.io/women-therapist-near-me/blog/blog-complete-guide-to-back-pain-relief-massage-at-home.html,3011,,Back Pain Relief Massage,Embedded inside HTML,Embedded inside HTML
Blog,Complete Guide to Body Pain Relief Massage at Home,blog/blog-complete-guide-to-body-pain-relief-massage-at-home.html,https://lucknow-massage-spa.github.io/women-therapist-near-me/blog/blog-complete-guide-to-body-pain-relief-massage-at-home.html,3015,,Body Pain Relief Massage,Embedded inside HTML,Embedded inside HTML
Blog,Complete Guide to Cramps Relief Massage at Home,blog/blog-complete-guide-to-cramps-relief-massage-at-home.html,https://lucknow-massage-spa.github.io/women-therapist-near-me/blog/blog-complete-guide-to-cramps-relief-massage-at-home.html,2951,,Cramps Relief Massage,Embedded inside HTML,Embedded inside HTML
Blog,Complete Guide to Deep Tissue Massage at Home,blog/blog-complete-guide-to-deep-tissue-massage-at-home.html,https://lucknow-massage-spa.github.io/women-therapist-near-me/blog/blog-complete-guide-to-deep-tissue-massage-at-home.html,2947,,Deep Tissue Massage,Embedded inside HTML,Embedded inside HTML
Blog,Complete Guide to Foot Reflexology at Home,blog/blog-complete-guide-to-foot-reflexology-at-home.html,https://lucknow-massage-spa.github.io/women-therapist-near-me/blog/blog-complete-guide-to-foot-reflexology-at-home.html,2906,,Foot Reflexology,Embedded inside HTML,Embedded inside HTML
Blog,Complete Guide to Full Body Relaxation Massage at Home,blog/blog-complete-guide-to-full-body-relaxation-massage-at-home.html,https://lucknow-massage-spa.github.io/women-therapist-near-me/blog/blog-complete-guide-to-full-body-relaxation-massage-at-home.html,2991,,Full Body Relaxation Massage,Embedded inside HTML,Embedded inside HTML
Blog,Complete Guide to Head & Neck Massage at Home,blog/blog-complete-guide-to-head-and-neck-massage-at-home.html,https://lucknow-massage-spa.github.io/women-therapist-near-me/blog/blog-complete-guide-to-head-and-neck-massage-at-home.html,2985,,Head & Neck Massage,Embedded inside HTML,Embedded inside HTML
Blog,Complete Guide to Home Physiotherapy at Home,blog/blog-complete-guide-to-home-physiotherapy-at-home.html,https://lucknow-massage-spa.github.io/women-therapist-near-me/blog/blog-complete-guide-to-home-physiotherapy-at-home.html,2870,,Home Physiotherapy,Embedded inside HTML,Embedded inside HTML
Blog,Complete Guide to Hot Oil Massage at Home,blog/blog-complete-guide-to-hot-oil-massage-at-home.html,https://lucknow-massage-spa.github.io/women-therapist-near-me/blog/blog-complete-guide-to-hot-oil-massage-at-home.html,2945,,Hot Oil Massage,Embedded inside HTML,Embedded inside HTML
Blog,Complete Guide to Joint Pain Therapy at Home,blog/blog-complete-guide-to-joint-pain-therapy-at-home.html,https://lucknow-massage-spa.github.io/women-therapist-near-me/blog/blog-complete-guide-to-joint-pain-therapy-at-home.html,2943,,Joint Pain Therapy,Embedded inside HTML,Embedded inside HTML
Blog,Complete Guide to Leg Pain Therapy at Home,blog/blog-complete-guide-to-leg-pain-therapy-at-home.html,https://lucknow-massage-spa.github.io/women-therapist-near-me/blog/blog-complete-guide-to-leg-pain-therapy-at-home.html,2969,,Leg Pain Therapy,Embedded inside HTML,Embedded inside HTML
Blog,Complete Guide to Monthly Care Plan at Home,blog/blog-complete-guide-to-monthly-care-plan-at-home.html,https://lucknow-massage-spa.github.io/women-therapist-near-me/blog/blog-complete-guide-to-monthly-care-plan-at-home.html,2950,,Monthly Care Plan,Embedded inside HTML,Embedded inside HTML
Blog,Complete Guide to Muscle Relaxation Therapy at Home,blog/blog-complete-guide-to-muscle-relaxation-therapy-at-home.html,https://lucknow-massage-spa.github.io/women-therapist-near-me/blog/blog-complete-guide-to-muscle-relaxation-therapy-at-home.html,2925,,Muscle Relaxation Therapy,Embedded inside HTML,Embedded inside HTML
Blog,Complete Guide to Period Pain Relief Massage at Home,blog/blog-complete-guide-to-period-pain-relief-massage-at-home.html,https://lucknow-massage-spa.github.io/women-therapist-near-me/blog/blog-complete-guide-to-period-pain-relief-massage-at-home.html,3002,,Period Pain Relief Massage,Embedded inside HTML,Embedded inside HTML
Blog,Complete Guide to Postnatal Massage at Home,blog/blog-complete-guide-to-postnatal-massage-at-home.html,https://lucknow-massage-spa.github.io/women-therapist-near-me/blog/blog-complete-guide-to-postnatal-massage-at-home.html,2887,,Postnatal Massage,Embedded inside HTML,Embedded inside HTML
Blog,Complete Guide to Prenatal Massage at Home,blog/blog-complete-guide-to-prenatal-massage-at-home.html,https://lucknow-massage-spa.github.io/women-therapist-near-me/blog/blog-complete-guide-to-prenatal-massage-at-home.html,2893,,Prenatal Massage,Embedded inside HTML,Embedded inside HTML
Blog,Complete Guide to Senior Citizen Massage Therapy at Home,blog/blog-complete-guide-to-senior-citizen-massage-therapy-at-home.html,https://lucknow-massage-spa.github.io/women-therapist-near-me/blog/blog-complete-guide-to-senior-citizen-massage-therapy-at-home.html,2997,,Senior Citizen Massage Therapy,Embedded inside HTML,Embedded inside HTML
Blog,Complete Guide to Shoulder & Neck Pain Massage at Home,blog/blog-complete-guide-to-shoulder-and-neck-pain-massage-at-home.html,https://lucknow-massage-spa.github.io/women-therapist-near-me/blog/blog-complete-guide-to-shoulder-and-neck-pain-massage-at-home.html,3035,,Shoulder & Neck Pain Massage,Embedded inside HTML,Embedded inside HTML
Blog,Complete Guide to Spine Alignment Therapy at Home,blog/blog-complete-guide-to-spine-alignment-therapy-at-home.html,https://lucknow-massage-spa.github.io/women-therapist-near-me/blog/blog-complete-guide-to-spine-alignment-therapy-at-home.html,2942,,Spine Alignment Therapy,Embedded inside HTML,Embedded inside HTML
Blog,Complete Guide to Sports Recovery Massage at Home,blog/blog-complete-guide-to-sports-recovery-massage-at-home.html,https://lucknow-massage-spa.github.io/women-therapist-near-me/blog/blog-complete-guide-to-sports-recovery-massage-at-home.html,2950,,Sports Recovery Massage,Embedded inside HTML,Embedded inside HTML
Blog,Complete Guide to Stress & Mood Relief Therapy at Home,blog/blog-complete-guide-to-stress-and-mood-relief-therapy-at-home.html,https://lucknow-massage-spa.github.io/women-therapist-near-me/blog/blog-complete-guide-to-stress-and-mood-relief-therapy-at-home.html,3047,,Stress & Mood Relief Therapy,Embedded inside HTML,Embedded inside HTML
Blog,Complete Guide to Swedish Massage at Home,blog/blog-complete-guide-to-swedish-massage-at-home.html,https://lucknow-massage-spa.github.io/women-therapist-near-me/blog/blog-complete-guide-to-swedish-massage-at-home.html,2893,,Swedish Massage,Embedded inside HTML,Embedded inside HTML
Blog,Complete Guide to Wellness Massage Package at Home,blog/blog-complete-guide-to-wellness-massage-package-at-home.html,https://lucknow-massage-spa.github.io/women-therapist-near-me/blog/blog-complete-guide-to-wellness-massage-package-at-home.html,2949,,Wellness Massage Package,Embedded inside HTML,Embedded inside HTML
Blog,Cramps Relief Massage vs Painkillers: What Works Better,blog/blog-cramps-relief-massage-vs-painkillers-what-works-better.html,https://lucknow-massage-spa.github.io/women-therapist-near-me/blog/blog-cramps-relief-massage-vs-painkillers-what-works-better.html,2954,,Cramps Relief Massage,Embedded inside HTML,Embedded inside HTML
Blog,Deep Tissue Massage vs Painkillers: What Works Better,blog/blog-deep-tissue-massage-vs-painkillers-what-works-better.html,https://lucknow-massage-spa.github.io/women-therapist-near-me/blog/blog-deep-tissue-massage-vs-painkillers-what-works-better.html,2967,,Deep Tissue Massage,Embedded inside HTML,Embedded inside HTML
Blog,Finding a Trusted Female Therapist in Aminabad,blog/blog-finding-a-trusted-female-therapist-in-aminabad.html,https://lucknow-massage-spa.github.io/women-therapist-near-me/blog/blog-finding-a-trusted-female-therapist-in-aminabad.html,3128,Aminabad,,Embedded inside HTML,Embedded inside HTML
Blog,Finding a Trusted Female Therapist in Balaganj,blog/blog-finding-a-trusted-female-therapist-in-balaganj.html,https://lucknow-massage-spa.github.io/women-therapist-near-me/blog/blog-finding-a-trusted-female-therapist-in-balaganj.html,3119,Balaganj,,Embedded inside HTML,Embedded inside HTML
Blog,Finding a Trusted Female Therapist in Chandganj,blog/blog-finding-a-trusted-female-therapist-in-chandganj.html,https://lucknow-massage-spa.github.io/women-therapist-near-me/blog/blog-finding-a-trusted-female-therapist-in-chandganj.html,3157,Chandganj,,Embedded inside HTML,Embedded inside HTML
Blog,Finding a Trusted Female Therapist in Chinhat,blog/blog-finding-a-trusted-female-therapist-in-chinhat.html,https://lucknow-massage-spa.github.io/women-therapist-near-me/blog/blog-finding-a-trusted-female-therapist-in-chinhat.html,3138,Chinhat,,Embedded inside HTML,Embedded inside HTML
Blog,Finding a Trusted Female Therapist in Chowk,blog/blog-finding-a-trusted-female-therapist-in-chowk.html,https://lucknow-massage-spa.github.io/women-therapist-near-me/blog/blog-finding-a-trusted-female-therapist-in-chowk.html,3130,Chowk,,Embedded inside HTML,Embedded inside HTML
Blog,Finding a Trusted Female Therapist in Civil Lines,blog/blog-finding-a-trusted-female-therapist-in-civil-lines.html,https://lucknow-massage-spa.github.io/women-therapist-near-me/blog/blog-finding-a-trusted-female-therapist-in-civil-lines.html,3191,Civil Lines,,Embedded inside HTML,Embedded inside HTML
Blog,Finding a Trusted Female Therapist in Ganeshganj,blog/blog-finding-a-trusted-female-therapist-in-ganeshganj.html,https://lucknow-massage-spa.github.io/women-therapist-near-me/blog/blog-finding-a-trusted-female-therapist-in-ganeshganj.html,3148,Ganeshganj,,Embedded inside HTML,Embedded inside HTML
Blog,Finding a Trusted Female Therapist in Gomti Nagar Extension,blog/blog-finding-a-trusted-female-therapist-in-gomti-nagar-extension.html,https://lucknow-massage-spa.github.io/women-therapist-near-me/blog/blog-finding-a-trusted-female-therapist-in-gomti-nagar-extension.html,3265,Gomti Nagar Extension,,Embedded inside HTML,Embedded inside HTML
Blog,Finding a Trusted Female Therapist in Gomti Nagar,blog/blog-finding-a-trusted-female-therapist-in-gomti-nagar.html,https://lucknow-massage-spa.github.io/women-therapist-near-me/blog/blog-finding-a-trusted-female-therapist-in-gomti-nagar.html,3198,Gomti Nagar,,Embedded inside HTML,Embedded inside HTML
Blog,Finding a Trusted Female Therapist in HAL Colony,blog/blog-finding-a-trusted-female-therapist-in-hal-colony.html,https://lucknow-massage-spa.github.io/women-therapist-near-me/blog/blog-finding-a-trusted-female-therapist-in-hal-colony.html,3203,HAL Colony,,Embedded inside HTML,Embedded inside HTML
Blog,Finding a Trusted Female Therapist in Hazratganj,blog/blog-finding-a-trusted-female-therapist-in-hazratganj.html,https://lucknow-massage-spa.github.io/women-therapist-near-me/blog/blog-finding-a-trusted-female-therapist-in-hazratganj.html,3126,Hazratganj,,Embedded inside HTML,Embedded inside HTML
Blog,Finding a Trusted Female Therapist in Husainganj,blog/blog-finding-a-trusted-female-therapist-in-husainganj.html,https://lucknow-massage-spa.github.io/women-therapist-near-me/blog/blog-finding-a-trusted-female-therapist-in-husainganj.html,3131,Husainganj,,Embedded inside HTML,Embedded inside HTML
Blog,Finding a Trusted Female Therapist in Indira Nagar,blog/blog-finding-a-trusted-female-therapist-in-indira-nagar.html,https://lucknow-massage-spa.github.io/women-therapist-near-me/blog/blog-finding-a-trusted-female-therapist-in-indira-nagar.html,3198,Indira Nagar,,Embedded inside HTML,Embedded inside HTML
Blog,Finding a Trusted Female Therapist in Lalbagh,blog/blog-finding-a-trusted-female-therapist-in-lalbagh.html,https://lucknow-massage-spa.github.io/women-therapist-near-me/blog/blog-finding-a-trusted-female-therapist-in-lalbagh.html,3157,Lalbagh,,Embedded inside HTML,Embedded inside HTML
Blog,Finding a Trusted Female Therapist in Mahanagar,blog/blog-finding-a-trusted-female-therapist-in-mahanagar.html,https://lucknow-massage-spa.github.io/women-therapist-near-me/blog/blog-finding-a-trusted-female-therapist-in-mahanagar.html,3127,Mahanagar,,Embedded inside HTML,Embedded inside HTML
Blog,Finding a Trusted Female Therapist in Nishatganj,blog/blog-finding-a-trusted-female-therapist-in-nishatganj.html,https://lucknow-massage-spa.github.io/women-therapist-near-me/blog/blog-finding-a-trusted-female-therapist-in-nishatganj.html,3138,Nishatganj,,Embedded inside HTML,Embedded inside HTML
Blog,Finding a Trusted Female Therapist in Qaiserbagh,blog/blog-finding-a-trusted-female-therapist-in-qaiserbagh.html,https://lucknow-massage-spa.github.io/women-therapist-near-me/blog/blog-finding-a-trusted-female-therapist-in-qaiserbagh.html,3140,Qaiserbagh,,Embedded inside HTML,Embedded inside HTML
Blog,Finding a Trusted Female Therapist in Rakabganj,blog/blog-finding-a-trusted-female-therapist-in-rakabganj.html,https://lucknow-massage-spa.github.io/women-therapist-near-me/blog/blog-finding-a-trusted-female-therapist-in-rakabganj.html,3131,Rakabganj,,Embedded inside HTML,Embedded inside HTML
Blog,Finding a Trusted Female Therapist in Vibhuti Khand,blog/blog-finding-a-trusted-female-therapist-in-vibhuti-khand.html,https://lucknow-massage-spa.github.io/women-therapist-near-me/blog/blog-finding-a-trusted-female-therapist-in-vibhuti-khand.html,3180,Vibhuti Khand,,Embedded inside HTML,Embedded inside HTML
Blog,Finding a Trusted Female Therapist in Vijayant Khand,blog/blog-finding-a-trusted-female-therapist-in-vijayant-khand.html,https://lucknow-massage-spa.github.io/women-therapist-near-me/blog/blog-finding-a-trusted-female-therapist-in-vijayant-khand.html,3189,Vijayant Khand,,Embedded inside HTML,Embedded inside HTML
Blog,Finding a Trusted Female Therapist in Vikrant Khand,blog/blog-finding-a-trusted-female-therapist-in-vikrant-khand.html,https://lucknow-massage-spa.github.io/women-therapist-near-me/blog/blog-finding-a-trusted-female-therapist-in-vikrant-khand.html,3172,Vikrant Khand,,Embedded inside HTML,Embedded inside HTML
Blog,Finding a Trusted Female Therapist in Vinay Khand,blog/blog-finding-a-trusted-female-therapist-in-vinay-khand.html,https://lucknow-massage-spa.github.io/women-therapist-near-me/blog/blog-finding-a-trusted-female-therapist-in-vinay-khand.html,3195,Vinay Khand,,Embedded inside HTML,Embedded inside HTML
Blog,Finding a Trusted Female Therapist in Vipin Khand,blog/blog-finding-a-trusted-female-therapist-in-vipin-khand.html,https://lucknow-massage-spa.github.io/women-therapist-near-me/blog/blog-finding-a-trusted-female-therapist-in-vipin-khand.html,3195,Vipin Khand,,Embedded inside HTML,Embedded inside HTML
Blog,Finding a Trusted Female Therapist in Vipul Khand,blog/blog-finding-a-trusted-female-therapist-in-vipul-khand.html,https://lucknow-massage-spa.github.io/women-therapist-near-me/blog/blog-finding-a-trusted-female-therapist-in-vipul-khand.html,3204,Vipul Khand,,Embedded inside HTML,Embedded inside HTML
Blog,Finding a Trusted Female Therapist in Viraj Khand,blog/blog-finding-a-trusted-female-therapist-in-viraj-khand.html,https://lucknow-massage-spa.github.io/women-therapist-near-me/blog/blog-finding-a-trusted-female-therapist-in-viraj-khand.html,3204,Viraj Khand,,Embedded inside HTML,Embedded inside HTML
Blog,Foot Reflexology vs Painkillers: What Works Better,blog/blog-foot-reflexology-vs-painkillers-what-works-better.html,https://lucknow-massage-spa.github.io/women-therapist-near-me/blog/blog-foot-reflexology-vs-painkillers-what-works-better.html,2904,,Foot Reflexology,Embedded inside HTML,Embedded inside HTML
Blog,Full Body Relaxation Massage vs Painkillers: What Works Better,blog/blog-full-body-relaxation-massage-vs-painkillers-what-works-better.html,https://lucknow-massage-spa.github.io/women-therapist-near-me/blog/blog-full-body-relaxation-massage-vs-painkillers-what-works-better.html,3003,,Full Body Relaxation Massage,Embedded inside HTML,Embedded inside HTML
Blog,Head & Neck Massage vs Painkillers: What Works Better,blog/blog-head-and-neck-massage-vs-painkillers-what-works-better.html,https://lucknow-massage-spa.github.io/women-therapist-near-me/blog/blog-head-and-neck-massage-vs-painkillers-what-works-better.html,3028,,Head & Neck Massage,Embedded inside HTML,Embedded inside HTML
Blog,Home Physiotherapy vs Painkillers: What Works Better,blog/blog-home-physiotherapy-vs-painkillers-what-works-better.html,https://lucknow-massage-spa.github.io/women-therapist-near-me/blog/blog-home-physiotherapy-vs-painkillers-what-works-better.html,2922,,Home Physiotherapy,Embedded inside HTML,Embedded inside HTML
Blog,Hot Oil Massage vs Painkillers: What Works Better,blog/blog-hot-oil-massage-vs-painkillers-what-works-better.html,https://lucknow-massage-spa.github.io/women-therapist-near-me/blog/blog-hot-oil-massage-vs-painkillers-what-works-better.html,2968,,Hot Oil Massage,Embedded inside HTML,Embedded inside HTML
Blog,Joint Pain Therapy vs Painkillers: What Works Better,blog/blog-joint-pain-therapy-vs-painkillers-what-works-better.html,https://lucknow-massage-spa.github.io/women-therapist-near-me/blog/blog-joint-pain-therapy-vs-painkillers-what-works-better.html,2961,,Joint Pain Therapy,Embedded inside HTML,Embedded inside HTML
Blog,Leg Pain Therapy vs Painkillers: What Works Better,blog/blog-leg-pain-therapy-vs-painkillers-what-works-better.html,https://lucknow-massage-spa.github.io/women-therapist-near-me/blog/blog-leg-pain-therapy-vs-painkillers-what-works-better.html,2984,,Leg Pain Therapy,Embedded inside HTML,Embedded inside HTML
Blog,Monthly Care Plan vs Painkillers: What Works Better,blog/blog-monthly-care-plan-vs-painkillers-what-works-better.html,https://lucknow-massage-spa.github.io/women-therapist-near-me/blog/blog-monthly-care-plan-vs-painkillers-what-works-better.html,2958,,Monthly Care Plan,Embedded inside HTML,Embedded inside HTML
Blog,Muscle Relaxation Therapy vs Painkillers: What Works Better,blog/blog-muscle-relaxation-therapy-vs-painkillers-what-works-better.html,https://lucknow-massage-spa.github.io/women-therapist-near-me/blog/blog-muscle-relaxation-therapy-vs-painkillers-what-works-better.html,2949,,Muscle Relaxation Therapy,Embedded inside HTML,Embedded inside HTML
Blog,Period Pain Relief Massage vs Painkillers: What Works Better,blog/blog-period-pain-relief-massage-vs-painkillers-what-works-better.html,https://lucknow-massage-spa.github.io/women-therapist-near-me/blog/blog-period-pain-relief-massage-vs-painkillers-what-works-better.html,3028,,Period Pain Relief Massage,Embedded inside HTML,Embedded inside HTML
Blog,Postnatal Massage vs Painkillers: What Works Better,blog/blog-postnatal-massage-vs-painkillers-what-works-better.html,https://lucknow-massage-spa.github.io/women-therapist-near-me/blog/blog-postnatal-massage-vs-painkillers-what-works-better.html,2936,,Postnatal Massage,Embedded inside HTML,Embedded inside HTML
Blog,Prenatal Massage vs Painkillers: What Works Better,blog/blog-prenatal-massage-vs-painkillers-what-works-better.html,https://lucknow-massage-spa.github.io/women-therapist-near-me/blog/blog-prenatal-massage-vs-painkillers-what-works-better.html,2928,,Prenatal Massage,Embedded inside HTML,Embedded inside HTML
Blog,Senior Citizen Massage Therapy vs Painkillers: What Works Better,blog/blog-senior-citizen-massage-therapy-vs-painkillers-what-works-better.html,https://lucknow-massage-spa.github.io/women-therapist-near-me/blog/blog-senior-citizen-massage-therapy-vs-painkillers-what-works-better.html,3003,,Senior Citizen Massage Therapy,Embedded inside HTML,Embedded inside HTML
Blog,Shoulder & Neck Pain Massage vs Painkillers: What Works Better,blog/blog-shoulder-and-neck-pain-massage-vs-painkillers-what-works-better.html,https://lucknow-massage-spa.github.io/women-therapist-near-me/blog/blog-shoulder-and-neck-pain-massage-vs-painkillers-what-works-better.html,3062,,Shoulder & Neck Pain Massage,Embedded inside HTML,Embedded inside HTML
Blog,Spine Alignment Therapy vs Painkillers: What Works Better,blog/blog-spine-alignment-therapy-vs-painkillers-what-works-better.html,https://lucknow-massage-spa.github.io/women-therapist-near-me/blog/blog-spine-alignment-therapy-vs-painkillers-what-works-better.html,2960,,Spine Alignment Therapy,Embedded inside HTML,Embedded inside HTML
Blog,Sports Recovery Massage vs Painkillers: What Works Better,blog/blog-sports-recovery-massage-vs-painkillers-what-works-better.html,https://lucknow-massage-spa.github.io/women-therapist-near-me/blog/blog-sports-recovery-massage-vs-painkillers-what-works-better.html,2970,,Sports Recovery Massage,Embedded inside HTML,Embedded inside HTML
Blog,Stress & Mood Relief Therapy vs Painkillers: What Works Better,blog/blog-stress-and-mood-relief-therapy-vs-painkillers-what-works-better.html,https://lucknow-massage-spa.github.io/women-therapist-near-me/blog/blog-stress-and-mood-relief-therapy-vs-painkillers-what-works-better.html,3062,,Stress & Mood Relief Therapy,Embedded inside HTML,Embedded inside HTML
Blog,Swedish Massage vs Painkillers: What Works Better,blog/blog-swedish-massage-vs-painkillers-what-works-better.html,https://lucknow-massage-spa.github.io/women-therapist-near-me/blog/blog-swedish-massage-vs-painkillers-what-works-better.html,2906,,Swedish Massage,Embedded inside HTML,Embedded inside HTML
Blog,Wellness Massage Package vs Painkillers: What Works Better,blog/blog-wellness-massage-package-vs-painkillers-what-works-better.html,https://lucknow-massage-spa.github.io/women-therapist-near-me/blog/blog-wellness-massage-package-vs-painkillers-what-works-better.html,2959,,Wellness Massage Package,Embedded inside HTML,Embedded inside HTML
Blog,Why Women in Aminabad Are Choosing Home Massage Therapy,blog/blog-why-women-in-aminabad-are-choosing-home-massage-therapy.html,https://lucknow-massage-spa.github.io/women-therapist-near-me/blog/blog-why-women-in-aminabad-are-choosing-home-massage-therapy.html,3137,Aminabad,,Embedded inside HTML,Embedded inside HTML
Blog,Why Women in Balaganj Are Choosing Home Massage Therapy,blog/blog-why-women-in-balaganj-are-choosing-home-massage-therapy.html,https://lucknow-massage-spa.github.io/women-therapist-near-me/blog/blog-why-women-in-balaganj-are-choosing-home-massage-therapy.html,3157,Balaganj,,Embedded inside HTML,Embedded inside HTML
Blog,Why Women in Chandganj Are Choosing Home Massage Therapy,blog/blog-why-women-in-chandganj-are-choosing-home-massage-therapy.html,https://lucknow-massage-spa.github.io/women-therapist-near-me/blog/blog-why-women-in-chandganj-are-choosing-home-massage-therapy.html,3150,Chandganj,,Embedded inside HTML,Embedded inside HTML
Blog,Why Women in Chinhat Are Choosing Home Massage Therapy,blog/blog-why-women-in-chinhat-are-choosing-home-massage-therapy.html,https://lucknow-massage-spa.github.io/women-therapist-near-me/blog/blog-why-women-in-chinhat-are-choosing-home-massage-therapy.html,3160,Chinhat,,Embedded inside HTML,Embedded inside HTML
Blog,Why Women in Chowk Are Choosing Home Massage Therapy,blog/blog-why-women-in-chowk-are-choosing-home-massage-therapy.html,https://lucknow-massage-spa.github.io/women-therapist-near-me/blog/blog-why-women-in-chowk-are-choosing-home-massage-therapy.html,3144,Chowk,,Embedded inside HTML,Embedded inside HTML
Blog,Why Women in Civil Lines Are Choosing Home Massage Therapy,blog/blog-why-women-in-civil-lines-are-choosing-home-massage-therapy.html,https://lucknow-massage-spa.github.io/women-therapist-near-me/blog/blog-why-women-in-civil-lines-are-choosing-home-massage-therapy.html,3202,Civil Lines,,Embedded inside HTML,Embedded inside HTML
Blog,Why Women in Ganeshganj Are Choosing Home Massage Therapy,blog/blog-why-women-in-ganeshganj-are-choosing-home-massage-therapy.html,https://lucknow-massage-spa.github.io/women-therapist-near-me/blog/blog-why-women-in-ganeshganj-are-choosing-home-massage-therapy.html,3144,Ganeshganj,,Embedded inside HTML,Embedded inside HTML
Blog,Why Women in Gomti Nagar Are Choosing Home Massage Therapy,blog/blog-why-women-in-gomti-nagar-are-choosing-home-massage-therapy.html,https://lucknow-massage-spa.github.io/women-therapist-near-me/blog/blog-why-women-in-gomti-nagar-are-choosing-home-massage-therapy.html,3210,Gomti Nagar,,Embedded inside HTML,Embedded inside HTML
Blog,Why Women in Gomti Nagar Extension Are Choosing Home Massage Therapy,blog/blog-why-women-in-gomti-nagar-extension-are-choosing-home-massage-therapy.html,https://lucknow-massage-spa.github.io/women-therapist-near-me/blog/blog-why-women-in-gomti-nagar-extension-are-choosing-home-massage-therapy.html,3256,Gomti Nagar Extension,,Embedded inside HTML,Embedded inside HTML
Blog,Why Women in HAL Colony Are Choosing Home Massage Therapy,blog/blog-why-women-in-hal-colony-are-choosing-home-massage-therapy.html,https://lucknow-massage-spa.github.io/women-therapist-near-me/blog/blog-why-women-in-hal-colony-are-choosing-home-massage-therapy.html,3207,HAL Colony,,Embedded inside HTML,Embedded inside HTML
Blog,Why Women in Hazratganj Are Choosing Home Massage Therapy,blog/blog-why-women-in-hazratganj-are-choosing-home-massage-therapy.html,https://lucknow-massage-spa.github.io/women-therapist-near-me/blog/blog-why-women-in-hazratganj-are-choosing-home-massage-therapy.html,3153,Hazratganj,,Embedded inside HTML,Embedded inside HTML
Blog,Why Women in Husainganj Are Choosing Home Massage Therapy,blog/blog-why-women-in-husainganj-are-choosing-home-massage-therapy.html,https://lucknow-massage-spa.github.io/women-therapist-near-me/blog/blog-why-women-in-husainganj-are-choosing-home-massage-therapy.html,3149,Husainganj,,Embedded inside HTML,Embedded inside HTML
Blog,Why Women in Indira Nagar Are Choosing Home Massage Therapy,blog/blog-why-women-in-indira-nagar-are-choosing-home-massage-therapy.html,https://lucknow-massage-spa.github.io/women-therapist-near-me/blog/blog-why-women-in-indira-nagar-are-choosing-home-massage-therapy.html,3194,Indira Nagar,,Embedded inside HTML,Embedded inside HTML
Blog,Why Women in Lalbagh Are Choosing Home Massage Therapy,blog/blog-why-women-in-lalbagh-are-choosing-home-massage-therapy.html,https://lucknow-massage-spa.github.io/women-therapist-near-me/blog/blog-why-women-in-lalbagh-are-choosing-home-massage-therapy.html,3149,Lalbagh,,Embedded inside HTML,Embedded inside HTML
Blog,Why Women in Mahanagar Are Choosing Home Massage Therapy,blog/blog-why-women-in-mahanagar-are-choosing-home-massage-therapy.html,https://lucknow-massage-spa.github.io/women-therapist-near-me/blog/blog-why-women-in-mahanagar-are-choosing-home-massage-therapy.html,3137,Mahanagar,,Embedded inside HTML,Embedded inside HTML
Blog,Why Women in Nishatganj Are Choosing Home Massage Therapy,blog/blog-why-women-in-nishatganj-are-choosing-home-massage-therapy.html,https://lucknow-massage-spa.github.io/women-therapist-near-me/blog/blog-why-women-in-nishatganj-are-choosing-home-massage-therapy.html,3150,Nishatganj,,Embedded inside HTML,Embedded inside HTML
Blog,Why Women in Qaiserbagh Are Choosing Home Massage Therapy,blog/blog-why-women-in-qaiserbagh-are-choosing-home-massage-therapy.html,https://lucknow-massage-spa.github.io/women-therapist-near-me/blog/blog-why-women-in-qaiserbagh-are-choosing-home-massage-therapy.html,3140,Qaiserbagh,,Embedded inside HTML,Embedded inside HTML
Blog,Why Women in Rakabganj Are Choosing Home Massage Therapy,blog/blog-why-women-in-rakabganj-are-choosing-home-massage-therapy.html,https://lucknow-massage-spa.github.io/women-therapist-near-me/blog/blog-why-women-in-rakabganj-are-choosing-home-massage-therapy.html,3150,Rakabganj,,Embedded inside HTML,Embedded inside HTML
Blog,Why Women in Vibhuti Khand Are Choosing Home Massage Therapy,blog/blog-why-women-in-vibhuti-khand-are-choosing-home-massage-therapy.html,https://lucknow-massage-spa.github.io/women-therapist-near-me/blog/blog-why-women-in-vibhuti-khand-are-choosing-home-massage-therapy.html,3184,Vibhuti Khand,,Embedded inside HTML,Embedded inside HTML
Blog,Why Women in Vijayant Khand Are Choosing Home Massage Therapy,blog/blog-why-women-in-vijayant-khand-are-choosing-home-massage-therapy.html,https://lucknow-massage-spa.github.io/women-therapist-near-me/blog/blog-why-women-in-vijayant-khand-are-choosing-home-massage-therapy.html,3190,Vijayant Khand,,Embedded inside HTML,Embedded inside HTML
Blog,Why Women in Vikrant Khand Are Choosing Home Massage Therapy,blog/blog-why-women-in-vikrant-khand-are-choosing-home-massage-therapy.html,https://lucknow-massage-spa.github.io/women-therapist-near-me/blog/blog-why-women-in-vikrant-khand-are-choosing-home-massage-therapy.html,3216,Vikrant Khand,,Embedded inside HTML,Embedded inside HTML
Blog,Why Women in Vinay Khand Are Choosing Home Massage Therapy,blog/blog-why-women-in-vinay-khand-are-choosing-home-massage-therapy.html,https://lucknow-massage-spa.github.io/women-therapist-near-me/blog/blog-why-women-in-vinay-khand-are-choosing-home-massage-therapy.html,3191,Vinay Khand,,Embedded inside HTML,Embedded inside HTML
Blog,Why Women in Vipin Khand Are Choosing Home Massage Therapy,blog/blog-why-women-in-vipin-khand-are-choosing-home-massage-therapy.html,https://lucknow-massage-spa.github.io/women-therapist-near-me/blog/blog-why-women-in-vipin-khand-are-choosing-home-massage-therapy.html,3215,Vipin Khand,,Embedded inside HTML,Embedded inside HTML
Blog,Why Women in Vipul Khand Are Choosing Home Massage Therapy,blog/blog-why-women-in-vipul-khand-are-choosing-home-massage-therapy.html,https://lucknow-massage-spa.github.io/women-therapist-near-me/blog/blog-why-women-in-vipul-khand-are-choosing-home-massage-therapy.html,3196,Vipul Khand,,Embedded inside HTML,Embedded inside HTML
Blog,Why Women in Viraj Khand Are Choosing Home Massage Therapy,blog/blog-why-women-in-viraj-khand-are-choosing-home-massage-therapy.html,https://lucknow-massage-spa.github.io/women-therapist-near-me/blog/blog-why-women-in-viraj-khand-are-choosing-home-massage-therapy.html,3196,Viraj Khand,,Embedded inside HTML,Embedded inside HTML
Blog Hub,150 Women Wellness Blog Articles for Lucknow,blog/index.html,https://lucknow-massage-spa.github.io/women-therapist-near-me/blog/,1813,,,Embedded inside HTML,Embedded inside HTML
Service,Body Pain Relief Massage,services/body-pain-relief-massage.html,https://lucknow-massage-spa.github.io/women-therapist-near-me/services/body-pain-relief-massage.html,2147,,Body Pain Relief Massage,Embedded inside HTML,Embedded inside HTML
Contact,Private WhatsApp Booking,contact/booking.html,https://lucknow-massage-spa.github.io/women-therapist-near-me/contact/booking.html,931,,,Embedded inside HTML,Embedded inside HTML
Area+Service,"Back Pain Relief Massage in Butler Colony, Lucknow",area-services/butler-colony-back-pain-relief-massage.html,https://lucknow-massage-spa.github.io/women-therapist-near-me/area-services/butler-colony-back-pain-relief-massage.html,3080,Butler Colony,Back Pain Relief Massage,Embedded inside HTML,Embedded inside HTML
Area+Service,"Full Body Relaxation Massage in Butler Colony, Lucknow",area-services/butler-colony-full-body-relaxation-massage.html,https://lucknow-massage-spa.github.io/women-therapist-near-me/area-services/butler-colony-full-body-relaxation-massage.html,3062,Butler Colony,Full Body Relaxation Massage,Embedded inside HTML,Embedded inside HTML
Area,"Women Therapist Near Me in Butler Colony, Lucknow",areas/butler-colony-home-massage.html,https://lucknow-massage-spa.github.io/women-therapist-near-me/areas/butler-colony-home-massage.html,2393,Butler Colony,,Embedded inside HTML,Embedded inside HTML
Area+Service,"Period Pain Relief Massage in Butler Colony, Lucknow",area-services/butler-colony-period-pain-relief-massage.html,https://lucknow-massage-spa.github.io/women-therapist-near-me/area-services/butler-colony-period-pain-relief-massage.html,3067,Butler Colony,Period Pain Relief Massage,Embedded inside HTML,Embedded inside HTML
Area+Service,"Back Pain Relief Massage in Cantonment, Lucknow",area-services/cantonment-back-pain-relief-massage.html,https://lucknow-massage-spa.github.io/women-therapist-near-me/area-services/cantonment-back-pain-relief-massage.html,3027,Cantonment,Back Pain Relief Massage,Embedded inside HTML,Embedded inside HTML
Area+Service,"Full Body Relaxation Massage in Cantonment, Lucknow",area-services/cantonment-full-body-relaxation-massage.html,https://lucknow-massage-spa.github.io/women-therapist-near-me/area-services/cantonment-full-body-relaxation-massage.html,3019,Cantonment,Full Body Relaxation Massage,Embedded inside HTML,Embedded inside HTML
Area,"Women Therapist Near Me in Cantonment, Lucknow",areas/cantonment-home-massage.html,https://lucknow-massage-spa.github.io/women-therapist-near-me/areas/cantonment-home-massage.html,2337,Cantonment,,Embedded inside HTML,Embedded inside HTML
Area+Service,"Period Pain Relief Massage in Cantonment, Lucknow",area-services/cantonment-period-pain-relief-massage.html,https://lucknow-massage-spa.github.io/women-therapist-near-me/area-services/cantonment-period-pain-relief-massage.html,3026,Cantonment,Period Pain Relief Massage,Embedded inside HTML,Embedded inside HTML
Area+Service,"Back Pain Relief Massage in Chandganj, Lucknow",area-services/chandganj-back-pain-relief-massage.html,https://lucknow-massage-spa.github.io/women-therapist-near-me/area-services/chandganj-back-pain-relief-massage.html,3014,Chandganj,Back Pain Relief Massage,Embedded inside HTML,Embedded inside HTML
Area+Service,"Full Body Relaxation Massage in Chandganj, Lucknow",area-services/chandganj-full-body-relaxation-massage.html,https://lucknow-massage-spa.github.io/women-therapist-near-me/area-services/chandganj-full-body-relaxation-massage.html,2999,Chandganj,Full Body Relaxation Massage,Embedded inside HTML,Embedded inside HTML
Area,"Women Therapist Near Me in Chandganj, Lucknow",areas/chandganj-home-massage.html,https://lucknow-massage-spa.github.io/women-therapist-near-me/areas/chandganj-home-massage.html,2339,Chandganj,,Embedded inside HTML,Embedded inside HTML
Area+Service,"Period Pain Relief Massage in Chandganj, Lucknow",area-services/chandganj-period-pain-relief-massage.html,https://lucknow-massage-spa.github.io/women-therapist-near-me/area-services/chandganj-period-pain-relief-massage.html,3024,Chandganj,Period Pain Relief Massage,Embedded inside HTML,Embedded inside HTML
Area+Service,"Back Pain Relief Massage in Charbagh, Lucknow",area-services/charbagh-back-pain-relief-massage.html,https://lucknow-massage-spa.github.io/women-therapist-near-me/area-services/charbagh-back-pain-relief-massage.html,3018,Charbagh,Back Pain Relief Massage,Embedded inside HTML,Embedded inside HTML
Area+Service,"Full Body Relaxation Massage in Charbagh, Lucknow",area-services/charbagh-full-body-relaxation-massage.html,https://lucknow-massage-spa.github.io/women-therapist-near-me/area-services/charbagh-full-body-relaxation-massage.html,3003,Charbagh,Full Body Relaxation Massage,Embedded inside HTML,Embedded inside HTML
Area,"Women Therapist Near Me in Charbagh, Lucknow",areas/charbagh-home-massage.html,https://lucknow-massage-spa.github.io/women-therapist-near-me/areas/charbagh-home-massage.html,2347,Charbagh,,Embedded inside HTML,Embedded inside HTML
Area+Service,"Period Pain Relief Massage in Charbagh, Lucknow",area-services/charbagh-period-pain-relief-massage.html,https://lucknow-massage-spa.github.io/women-therapist-near-me/area-services/charbagh-period-pain-relief-massage.html,3036,Charbagh,Period Pain Relief Massage,Embedded inside HTML,Embedded inside HTML
Area+Service,"Back Pain Relief Massage in Chinhat, Lucknow",area-services/chinhat-back-pain-relief-massage.html,https://lucknow-massage-spa.github.io/women-therapist-near-me/area-services/chinhat-back-pain-relief-massage.html,3023,Chinhat,Back Pain Relief Massage,Embedded inside HTML,Embedded inside HTML
Area+Service,"Full Body Relaxation Massage in Chinhat, Lucknow",area-services/chinhat-full-body-relaxation-massage.html,https://lucknow-massage-spa.github.io/women-therapist-near-me/area-services/chinhat-full-body-relaxation-massage.html,3001,Chinhat,Full Body Relaxation Massage,Embedded inside HTML,Embedded inside HTML
Area,"Women Therapist Near Me in Chinhat, Lucknow",areas/chinhat-home-massage.html,https://lucknow-massage-spa.github.io/women-therapist-near-me/areas/chinhat-home-massage.html,2346,Chinhat,,Embedded inside HTML,Embedded inside HTML
Area+Service,"Period Pain Relief Massage in Chinhat, Lucknow",area-services/chinhat-period-pain-relief-massage.html,https://lucknow-massage-spa.github.io/women-therapist-near-me/area-services/chinhat-period-pain-relief-massage.html,3005,Chinhat,Period Pain Relief Massage,Embedded inside HTML,Embedded inside HTML
Area+Service,"Back Pain Relief Massage in Chowk, Lucknow",area-services/chowk-back-pain-relief-massage.html,https://lucknow-massage-spa.github.io/women-therapist-near-me/area-services/chowk-back-pain-relief-massage.html,3039,Chowk,Back Pain Relief Massage,Embedded inside HTML,Embedded inside HTML
Area+Service,"Full Body Relaxation Massage in Chowk, Lucknow",area-services/chowk-full-body-relaxation-massage.html,https://lucknow-massage-spa.github.io/women-therapist-near-me/area-services/chowk-full-body-relaxation-massage.html,3003,Chowk,Full Body Relaxation Massage,Embedded inside HTML,Embedded inside HTML
Area,"Women Therapist Near Me in Chowk, Lucknow",areas/chowk-home-massage.html,https://lucknow-massage-spa.github.io/women-therapist-near-me/areas/chowk-home-massage.html,2327,Chowk,,Embedded inside HTML,Embedded inside HTML
Area+Service,"Period Pain Relief Massage in Chowk, Lucknow",area-services/chowk-period-pain-relief-massage.html,https://lucknow-massage-spa.github.io/women-therapist-near-me/area-services/chowk-period-pain-relief-massage.html,3015,Chowk,Period Pain Relief Massage,Embedded inside HTML,Embedded inside HTML
Area+Service,"Back Pain Relief Massage in Civil Lines, Lucknow",area-services/civil-lines-back-pain-relief-massage.html,https://lucknow-massage-spa.github.io/women-therapist-near-me/area-services/civil-lines-back-pain-relief-massage.html,3070,Civil Lines,Back Pain Relief Massage,Embedded inside HTML,Embedded inside HTML
Area+Service,"Full Body Relaxation Massage in Civil Lines, Lucknow",area-services/civil-lines-full-body-relaxation-massage.html,https://lucknow-massage-spa.github.io/women-therapist-near-me/area-services/civil-lines-full-body-relaxation-massage.html,3074,Civil Lines,Full Body Relaxation Massage,Embedded inside HTML,Embedded inside HTML
Area,"Women Therapist Near Me in Civil Lines, Lucknow",areas/civil-lines-home-massage.html,https://lucknow-massage-spa.github.io/women-therapist-near-me/areas/civil-lines-home-massage.html,2419,Civil Lines,,Embedded inside HTML,Embedded inside HTML
Area+Service,"Period Pain Relief Massage in Civil Lines, Lucknow",area-services/civil-lines-period-pain-relief-massage.html,https://lucknow-massage-spa.github.io/women-therapist-near-me/area-services/civil-lines-period-pain-relief-massage.html,3061,Civil Lines,Period Pain Relief Massage,Embedded inside HTML,Embedded inside HTML
Contact,Contact Women Therapist Near Me Lucknow,contact/index.html,https://lucknow-massage-spa.github.io/women-therapist-near-me/contact/,746,,,Embedded inside HTML,Embedded inside HTML
Service,Cramps Relief Massage,services/cramps-relief-massage.html,https://lucknow-massage-spa.github.io/women-therapist-near-me/services/cramps-relief-massage.html,2130,,Cramps Relief Massage,Embedded inside HTML,Embedded inside HTML
Area+Service,"Back Pain Relief Massage in Daliganj, Lucknow",area-services/daliganj-back-pain-relief-massage.html,https://lucknow-massage-spa.github.io/women-therapist-near-me/area-services/daliganj-back-pain-relief-massage.html,2999,Daliganj,Back Pain Relief Massage,Embedded inside HTML,Embedded inside HTML
Area+Service,"Full Body Relaxation Massage in Daliganj, Lucknow",area-services/daliganj-full-body-relaxation-massage.html,https://lucknow-massage-spa.github.io/women-therapist-near-me/area-services/daliganj-full-body-relaxation-massage.html,3001,Daliganj,Full Body Relaxation Massage,Embedded inside HTML,Embedded inside HTML
Area,"Women Therapist Near Me in Daliganj, Lucknow",areas/daliganj-home-massage.html,https://lucknow-massage-spa.github.io/women-therapist-near-me/areas/daliganj-home-massage.html,2323,Daliganj,,Embedded inside HTML,Embedded inside HTML
Area+Service,"Period Pain Relief Massage in Daliganj, Lucknow",area-services/daliganj-period-pain-relief-massage.html,https://lucknow-massage-spa.github.io/women-therapist-near-me/area-services/daliganj-period-pain-relief-massage.html,3014,Daliganj,Period Pain Relief Massage,Embedded inside HTML,Embedded inside HTML
Service,Deep Tissue Massage,services/deep-tissue-massage.html,https://lucknow-massage-spa.github.io/women-therapist-near-me/services/deep-tissue-massage.html,2111,,Deep Tissue Massage,Embedded inside HTML,Embedded inside HTML
Area+Service,"Back Pain Relief Massage in Deva Road, Lucknow",area-services/deva-road-back-pain-relief-massage.html,https://lucknow-massage-spa.github.io/women-therapist-near-me/area-services/deva-road-back-pain-relief-massage.html,3078,Deva Road,Back Pain Relief Massage,Embedded inside HTML,Embedded inside HTML
Area+Service,"Full Body Relaxation Massage in Deva Road, Lucknow",area-services/deva-road-full-body-relaxation-massage.html,https://lucknow-massage-spa.github.io/women-therapist-near-me/area-services/deva-road-full-body-relaxation-massage.html,3047,Deva Road,Full Body Relaxation Massage,Embedded inside HTML,Embedded inside HTML
Area,"Women Therapist Near Me in Deva Road, Lucknow",areas/deva-road-home-massage.html,https://lucknow-massage-spa.github.io/women-therapist-near-me/areas/deva-road-home-massage.html,2413,Deva Road,,Embedded inside HTML,Embedded inside HTML
Area+Service,"Period Pain Relief Massage in Deva Road, Lucknow",area-services/deva-road-period-pain-relief-massage.html,https://lucknow-massage-spa.github.io/women-therapist-near-me/area-services/deva-road-period-pain-relief-massage.html,3081,Deva Road,Period Pain Relief Massage,Embedded inside HTML,Embedded inside HTML
Area+Service,"Back Pain Relief Massage in Dilkusha, Lucknow",area-services/dilkusha-back-pain-relief-massage.html,https://lucknow-massage-spa.github.io/women-therapist-near-me/area-services/dilkusha-back-pain-relief-massage.html,3011,Dilkusha,Back Pain Relief Massage,Embedded inside HTML,Embedded inside HTML
Area+Service,"Full Body Relaxation Massage in Dilkusha, Lucknow",area-services/dilkusha-full-body-relaxation-massage.html,https://lucknow-massage-spa.github.io/women-therapist-near-me/area-services/dilkusha-full-body-relaxation-massage.html,3026,Dilkusha,Full Body Relaxation Massage,Embedded inside HTML,Embedded inside HTML
Area,"Women Therapist Near Me in Dilkusha, Lucknow",areas/dilkusha-home-massage.html,https://lucknow-massage-spa.github.io/women-therapist-near-me/areas/dilkusha-home-massage.html,2342,Dilkusha,,Embedded inside HTML,Embedded inside HTML
Area+Service,"Period Pain Relief Massage in Dilkusha, Lucknow",area-services/dilkusha-period-pain-relief-massage.html,https://lucknow-massage-spa.github.io/women-therapist-near-me/area-services/dilkusha-period-pain-relief-massage.html,3021,Dilkusha,Period Pain Relief Massage,Embedded inside HTML,Embedded inside HTML
Area+Service,"Back Pain Relief Massage in Faizabad Road, Lucknow",area-services/faizabad-road-back-pain-relief-massage.html,https://lucknow-massage-spa.github.io/women-therapist-near-me/area-services/faizabad-road-back-pain-relief-massage.html,3069,Faizabad Road,Back Pain Relief Massage,Embedded inside HTML,Embedded inside HTML
Area+Service,"Full Body Relaxation Massage in Faizabad Road, Lucknow",area-services/faizabad-road-full-body-relaxation-massage.html,https://lucknow-massage-spa.github.io/women-therapist-near-me/area-services/faizabad-road-full-body-relaxation-massage.html,3058,Faizabad Road,Full Body Relaxation Massage,Embedded inside HTML,Embedded inside HTML
Area,"Women Therapist Near Me in Faizabad Road, Lucknow",areas/faizabad-road-home-massage.html,https://lucknow-massage-spa.github.io/women-therapist-near-me/areas/faizabad-road-home-massage.html,2404,Faizabad Road,,Embedded inside HTML,Embedded inside HTML
Area+Service,"Period Pain Relief Massage in Faizabad Road, Lucknow",area-services/faizabad-road-period-pain-relief-massage.html,https://lucknow-massage-spa.github.io/women-therapist-near-me/area-services/faizabad-road-period-pain-relief-massage.html,3064,Faizabad Road,Period Pain Relief Massage,Embedded inside HTML,Embedded inside HTML
FAQ,How Long Does a Anti-Stress Massage Session Take?,faq/faq-how-long-does-a-anti-stress-massage-session-take.html,https://lucknow-massage-spa.github.io/women-therapist-near-me/faq/faq-how-long-does-a-anti-stress-massage-session-take.html,2396,,Anti-Stress Massage,Embedded inside HTML,Embedded inside HTML
FAQ,How Long Does a Aromatherapy Massage Session Take?,faq/faq-how-long-does-a-aromatherapy-massage-session-take.html,https://lucknow-massage-spa.github.io/women-therapist-near-me/faq/faq-how-long-does-a-aromatherapy-massage-session-take.html,2375,,Aromatherapy Massage,Embedded inside HTML,Embedded inside HTML
FAQ,How Long Does a Back Pain Relief Massage Session Take?,faq/faq-how-long-does-a-back-pain-relief-massage-session-take.html,https://lucknow-massage-spa.github.io/women-therapist-near-me/faq/faq-how-long-does-a-back-pain-relief-massage-session-take.html,2474,,Back Pain Relief Massage,Embedded inside HTML,Embedded inside HTML
FAQ,How Long Does a Body Pain Relief Massage Session Take?,faq/faq-how-long-does-a-body-pain-relief-massage-session-take.html,https://lucknow-massage-spa.github.io/women-therapist-near-me/faq/faq-how-long-does-a-body-pain-relief-massage-session-take.html,2457,,Body Pain Relief Massage,Embedded inside HTML,Embedded inside HTML
FAQ,How Long Does a Cramps Relief Massage Session Take?,faq/faq-how-long-does-a-cramps-relief-massage-session-take.html,https://lucknow-massage-spa.github.io/women-therapist-near-me/faq/faq-how-long-does-a-cramps-relief-massage-session-take.html,2438,,Cramps Relief Massage,Embedded inside HTML,Embedded inside HTML
FAQ,How Long Does a Deep Tissue Massage Session Take?,faq/faq-how-long-does-a-deep-tissue-massage-session-take.html,https://lucknow-massage-spa.github.io/women-therapist-near-me/faq/faq-how-long-does-a-deep-tissue-massage-session-take.html,2430,,Deep Tissue Massage,Embedded inside HTML,Embedded inside HTML
FAQ,How Long Does a Foot Reflexology Session Take?,faq/faq-how-long-does-a-foot-reflexology-session-take.html,https://lucknow-massage-spa.github.io/women-therapist-near-me/faq/faq-how-long-does-a-foot-reflexology-session-take.html,2404,,Foot Reflexology,Embedded inside HTML,Embedded inside HTML
FAQ,How Long Does a Full Body Relaxation Massage Session Take?,faq/faq-how-long-does-a-full-body-relaxation-massage-session-take.html,https://lucknow-massage-spa.github.io/women-therapist-near-me/faq/faq-how-long-does-a-full-body-relaxation-massage-session-take.html,2457,,Full Body Relaxation Massage,Embedded inside HTML,Embedded inside HTML
FAQ,How Long Does a Head & Neck Massage Session Take?,faq/faq-how-long-does-a-head-and-neck-massage-session-take.html,https://lucknow-massage-spa.github.io/women-therapist-near-me/faq/faq-how-long-does-a-head-and-neck-massage-session-take.html,2472,,Head & Neck Massage,Embedded inside HTML,Embedded inside HTML
FAQ,How Long Does a Home Physiotherapy Session Take?,faq/faq-how-long-does-a-home-physiotherapy-session-take.html,https://lucknow-massage-spa.github.io/women-therapist-near-me/faq/faq-how-long-does-a-home-physiotherapy-session-take.html,2377,,Home Physiotherapy,Embedded inside HTML,Embedded inside HTML
FAQ,How Long Does a Hot Oil Massage Session Take?,faq/faq-how-long-does-a-hot-oil-massage-session-take.html,https://lucknow-massage-spa.github.io/women-therapist-near-me/faq/faq-how-long-does-a-hot-oil-massage-session-take.html,2422,,Hot Oil Massage,Embedded inside HTML,Embedded inside HTML
FAQ,How Long Does a Joint Pain Therapy Session Take?,faq/faq-how-long-does-a-joint-pain-therapy-session-take.html,https://lucknow-massage-spa.github.io/women-therapist-near-me/faq/faq-how-long-does-a-joint-pain-therapy-session-take.html,2428,,Joint Pain Therapy,Embedded inside HTML,Embedded inside HTML
FAQ,How Long Does a Leg Pain Therapy Session Take?,faq/faq-how-long-does-a-leg-pain-therapy-session-take.html,https://lucknow-massage-spa.github.io/women-therapist-near-me/faq/faq-how-long-does-a-leg-pain-therapy-session-take.html,2429,,Leg Pain Therapy,Embedded inside HTML,Embedded inside HTML
FAQ,How Long Does a Monthly Care Plan Session Take?,faq/faq-how-long-does-a-monthly-care-plan-session-take.html,https://lucknow-massage-spa.github.io/women-therapist-near-me/faq/faq-how-long-does-a-monthly-care-plan-session-take.html,2408,,Monthly Care Plan,Embedded inside HTML,Embedded inside HTML
FAQ,How Long Does a Muscle Relaxation Therapy Session Take?,faq/faq-how-long-does-a-muscle-relaxation-therapy-session-take.html,https://lucknow-massage-spa.github.io/women-therapist-near-me/faq/faq-how-long-does-a-muscle-relaxation-therapy-session-take.html,2404,,Muscle Relaxation Therapy,Embedded inside HTML,Embedded inside HTML
FAQ,How Long Does a Period Pain Relief Massage Session Take?,faq/faq-how-long-does-a-period-pain-relief-massage-session-take.html,https://lucknow-massage-spa.github.io/women-therapist-near-me/faq/faq-how-long-does-a-period-pain-relief-massage-session-take.html,2463,,Period Pain Relief Massage,Embedded inside HTML,Embedded inside HTML
FAQ,How Long Does a Postnatal Massage Session Take?,faq/faq-how-long-does-a-postnatal-massage-session-take.html,https://lucknow-massage-spa.github.io/women-therapist-near-me/faq/faq-how-long-does-a-postnatal-massage-session-take.html,2389,,Postnatal Massage,Embedded inside HTML,Embedded inside HTML
FAQ,How Long Does a Prenatal Massage Session Take?,faq/faq-how-long-does-a-prenatal-massage-session-take.html,https://lucknow-massage-spa.github.io/women-therapist-near-me/faq/faq-how-long-does-a-prenatal-massage-session-take.html,2371,,Prenatal Massage,Embedded inside HTML,Embedded inside HTML
FAQ,How Long Does a Senior Citizen Massage Therapy Session Take?,faq/faq-how-long-does-a-senior-citizen-massage-therapy-session-take.html,https://lucknow-massage-spa.github.io/women-therapist-near-me/faq/faq-how-long-does-a-senior-citizen-massage-therapy-session-take.html,2469,,Senior Citizen Massage Therapy,Embedded inside HTML,Embedded inside HTML
FAQ,How Long Does a Shoulder & Neck Pain Massage Session Take?,faq/faq-how-long-does-a-shoulder-and-neck-pain-massage-session-take.html,https://lucknow-massage-spa.github.io/women-therapist-near-me/faq/faq-how-long-does-a-shoulder-and-neck-pain-massage-session-take.html,2482,,Shoulder & Neck Pain Massage,Embedded inside HTML,Embedded inside HTML
FAQ,How Long Does a Spine Alignment Therapy Session Take?,faq/faq-how-long-does-a-spine-alignment-therapy-session-take.html,https://lucknow-massage-spa.github.io/women-therapist-near-me/faq/faq-how-long-does-a-spine-alignment-therapy-session-take.html,2414,,Spine Alignment Therapy,Embedded inside HTML,Embedded inside HTML
FAQ,How Long Does a Sports Recovery Massage Session Take?,faq/faq-how-long-does-a-sports-recovery-massage-session-take.html,https://lucknow-massage-spa.github.io/women-therapist-near-me/faq/faq-how-long-does-a-sports-recovery-massage-session-take.html,2416,,Sports Recovery Massage,Embedded inside HTML,Embedded inside HTML
FAQ,How Long Does a Stress & Mood Relief Therapy Session Take?,faq/faq-how-long-does-a-stress-and-mood-relief-therapy-session-take.html,https://lucknow-massage-spa.github.io/women-therapist-near-me/faq/faq-how-long-does-a-stress-and-mood-relief-therapy-session-take.html,2515,,Stress & Mood Relief Therapy,Embedded inside HTML,Embedded inside HTML
FAQ,How Long Does a Swedish Massage Session Take?,faq/faq-how-long-does-a-swedish-massage-session-take.html,https://lucknow-massage-spa.github.io/women-therapist-near-me/faq/faq-how-long-does-a-swedish-massage-session-take.html,2377,,Swedish Massage,Embedded inside HTML,Embedded inside HTML
FAQ,How Long Does a Wellness Massage Package Session Take?,faq/faq-how-long-does-a-wellness-massage-package-session-take.html,https://lucknow-massage-spa.github.io/women-therapist-near-me/faq/faq-how-long-does-a-wellness-massage-package-session-take.html,2398,,Wellness Massage Package,Embedded inside HTML,Embedded inside HTML
FAQ,Is Anti-Stress Massage Safe During Periods?,faq/faq-is-anti-stress-massage-safe-during-periods.html,https://lucknow-massage-spa.github.io/women-therapist-near-me/faq/faq-is-anti-stress-massage-safe-during-periods.html,2423,,Anti-Stress Massage,Embedded inside HTML,Embedded inside HTML
FAQ,Is Aromatherapy Massage Safe During Periods?,faq/faq-is-aromatherapy-massage-safe-during-periods.html,https://lucknow-massage-spa.github.io/women-therapist-near-me/faq/faq-is-aromatherapy-massage-safe-during-periods.html,2410,,Aromatherapy Massage,Embedded inside HTML,Embedded inside HTML
FAQ,Is Back Pain Relief Massage Safe During Periods?,faq/faq-is-back-pain-relief-massage-safe-during-periods.html,https://lucknow-massage-spa.github.io/women-therapist-near-me/faq/faq-is-back-pain-relief-massage-safe-during-periods.html,2532,,Back Pain Relief Massage,Embedded inside HTML,Embedded inside HTML
FAQ,Is Body Pain Relief Massage Safe During Periods?,faq/faq-is-body-pain-relief-massage-safe-during-periods.html,https://lucknow-massage-spa.github.io/women-therapist-near-me/faq/faq-is-body-pain-relief-massage-safe-during-periods.html,2494,,Body Pain Relief Massage,Embedded inside HTML,Embedded inside HTML
FAQ,Is Cramps Relief Massage Safe During Periods?,faq/faq-is-cramps-relief-massage-safe-during-periods.html,https://lucknow-massage-spa.github.io/women-therapist-near-me/faq/faq-is-cramps-relief-massage-safe-during-periods.html,2470,,Cramps Relief Massage,Embedded inside HTML,Embedded inside HTML
FAQ,Is Deep Tissue Massage Safe During Periods?,faq/faq-is-deep-tissue-massage-safe-during-periods.html,https://lucknow-massage-spa.github.io/women-therapist-near-me/faq/faq-is-deep-tissue-massage-safe-during-periods.html,2456,,Deep Tissue Massage,Embedded inside HTML,Embedded inside HTML
FAQ,Is Foot Reflexology Safe During Periods?,faq/faq-is-foot-reflexology-safe-during-periods.html,https://lucknow-massage-spa.github.io/women-therapist-near-me/faq/faq-is-foot-reflexology-safe-during-periods.html,2405,,Foot Reflexology,Embedded inside HTML,Embedded inside HTML
FAQ,Is Full Body Relaxation Massage Safe During Periods?,faq/faq-is-full-body-relaxation-massage-safe-during-periods.html,https://lucknow-massage-spa.github.io/women-therapist-near-me/faq/faq-is-full-body-relaxation-massage-safe-during-periods.html,2480,,Full Body Relaxation Massage,Embedded inside HTML,Embedded inside HTML
FAQ,Is Head & Neck Massage Safe During Periods?,faq/faq-is-head-and-neck-massage-safe-during-periods.html,https://lucknow-massage-spa.github.io/women-therapist-near-me/faq/faq-is-head-and-neck-massage-safe-during-periods.html,2469,,Head & Neck Massage,Embedded inside HTML,Embedded inside HTML
FAQ,Is Home Physiotherapy Safe During Periods?,faq/faq-is-home-physiotherapy-safe-during-periods.html,https://lucknow-massage-spa.github.io/women-therapist-near-me/faq/faq-is-home-physiotherapy-safe-during-periods.html,2410,,Home Physiotherapy,Embedded inside HTML,Embedded inside HTML
FAQ,Is Hot Oil Massage Safe During Periods?,faq/faq-is-hot-oil-massage-safe-during-periods.html,https://lucknow-massage-spa.github.io/women-therapist-near-me/faq/faq-is-hot-oil-massage-safe-during-periods.html,2429,,Hot Oil Massage,Embedded inside HTML,Embedded inside HTML
FAQ,Is Joint Pain Therapy Safe During Periods?,faq/faq-is-joint-pain-therapy-safe-during-periods.html,https://lucknow-massage-spa.github.io/women-therapist-near-me/faq/faq-is-joint-pain-therapy-safe-during-periods.html,2421,,Joint Pain Therapy,Embedded inside HTML,Embedded inside HTML
FAQ,Is Leg Pain Therapy Safe During Periods?,faq/faq-is-leg-pain-therapy-safe-during-periods.html,https://lucknow-massage-spa.github.io/women-therapist-near-me/faq/faq-is-leg-pain-therapy-safe-during-periods.html,2475,,Leg Pain Therapy,Embedded inside HTML,Embedded inside HTML
FAQ,Is Monthly Care Plan Safe During Periods?,faq/faq-is-monthly-care-plan-safe-during-periods.html,https://lucknow-massage-spa.github.io/women-therapist-near-me/faq/faq-is-monthly-care-plan-safe-during-periods.html,2457,,Monthly Care Plan,Embedded inside HTML,Embedded inside HTML
FAQ,Is Muscle Relaxation Therapy Safe During Periods?,faq/faq-is-muscle-relaxation-therapy-safe-during-periods.html,https://lucknow-massage-spa.github.io/women-therapist-near-me/faq/faq-is-muscle-relaxation-therapy-safe-during-periods.html,2401,,Muscle Relaxation Therapy,Embedded inside HTML,Embedded inside HTML
FAQ,Is Period Pain Relief Massage Safe During Periods?,faq/faq-is-period-pain-relief-massage-safe-during-periods.html,https://lucknow-massage-spa.github.io/women-therapist-near-me/faq/faq-is-period-pain-relief-massage-safe-during-periods.html,2492,,Period Pain Relief Massage,Embedded inside HTML,Embedded inside HTML
FAQ,Is Postnatal Massage Safe During Periods?,faq/faq-is-postnatal-massage-safe-during-periods.html,https://lucknow-massage-spa.github.io/women-therapist-near-me/faq/faq-is-postnatal-massage-safe-during-periods.html,2424,,Postnatal Massage,Embedded inside HTML,Embedded inside HTML
FAQ,Is Prenatal Massage Safe During Periods?,faq/faq-is-prenatal-massage-safe-during-periods.html,https://lucknow-massage-spa.github.io/women-therapist-near-me/faq/faq-is-prenatal-massage-safe-during-periods.html,2406,,Prenatal Massage,Embedded inside HTML,Embedded inside HTML
FAQ,Is Senior Citizen Massage Therapy Safe During Periods?,faq/faq-is-senior-citizen-massage-therapy-safe-during-periods.html,https://lucknow-massage-spa.github.io/women-therapist-near-me/faq/faq-is-senior-citizen-massage-therapy-safe-during-periods.html,2492,,Senior Citizen Massage Therapy,Embedded inside HTML,Embedded inside HTML
FAQ,Is Shoulder & Neck Pain Massage Safe During Periods?,faq/faq-is-shoulder-and-neck-pain-massage-safe-during-periods.html,https://lucknow-massage-spa.github.io/women-therapist-near-me/faq/faq-is-shoulder-and-neck-pain-massage-safe-during-periods.html,2517,,Shoulder & Neck Pain Massage,Embedded inside HTML,Embedded inside HTML
FAQ,Is Spine Alignment Therapy Safe During Periods?,faq/faq-is-spine-alignment-therapy-safe-during-periods.html,https://lucknow-massage-spa.github.io/women-therapist-near-me/faq/faq-is-spine-alignment-therapy-safe-during-periods.html,2435,,Spine Alignment Therapy,Embedded inside HTML,Embedded inside HTML
FAQ,Is Sports Recovery Massage Safe During Periods?,faq/faq-is-sports-recovery-massage-safe-during-periods.html,https://lucknow-massage-spa.github.io/women-therapist-near-me/faq/faq-is-sports-recovery-massage-safe-during-periods.html,2453,,Sports Recovery Massage,Embedded inside HTML,Embedded inside HTML
FAQ,Is Stress & Mood Relief Therapy Safe During Periods?,faq/faq-is-stress-and-mood-relief-therapy-safe-during-periods.html,https://lucknow-massage-spa.github.io/women-therapist-near-me/faq/faq-is-stress-and-mood-relief-therapy-safe-during-periods.html,2556,,Stress & Mood Relief Therapy,Embedded inside HTML,Embedded inside HTML
FAQ,Is Swedish Massage Safe During Periods?,faq/faq-is-swedish-massage-safe-during-periods.html,https://lucknow-massage-spa.github.io/women-therapist-near-me/faq/faq-is-swedish-massage-safe-during-periods.html,2397,,Swedish Massage,Embedded inside HTML,Embedded inside HTML
FAQ,Is Wellness Massage Package Safe During Periods?,faq/faq-is-wellness-massage-package-safe-during-periods.html,https://lucknow-massage-spa.github.io/women-therapist-near-me/faq/faq-is-wellness-massage-package-safe-during-periods.html,2415,,Wellness Massage Package,Embedded inside HTML,Embedded inside HTML
FAQ Hub,50 Detailed Massage and Wellness FAQ Pages,faq/index.html,https://lucknow-massage-spa.github.io/women-therapist-near-me/faq/,965,,,Embedded inside HTML,Embedded inside HTML
Area+Service,"Back Pain Relief Massage in Fazullaganj, Lucknow",area-services/fazullaganj-back-pain-relief-massage.html,https://lucknow-massage-spa.github.io/women-therapist-near-me/area-services/fazullaganj-back-pain-relief-massage.html,3026,Fazullaganj,Back Pain Relief Massage,Embedded inside HTML,Embedded inside HTML
Area+Service,"Full Body Relaxation Massage in Fazullaganj, Lucknow",area-services/fazullaganj-full-body-relaxation-massage.html,https://lucknow-massage-spa.github.io/women-therapist-near-me/area-services/fazullaganj-full-body-relaxation-massage.html,3008,Fazullaganj,Full Body Relaxation Massage,Embedded inside HTML,Embedded inside HTML
Area,"Women Therapist Near Me in Fazullaganj, Lucknow",areas/fazullaganj-home-massage.html,https://lucknow-massage-spa.github.io/women-therapist-near-me/areas/fazullaganj-home-massage.html,2324,Fazullaganj,,Embedded inside HTML,Embedded inside HTML
Area+Service,"Period Pain Relief Massage in Fazullaganj, Lucknow",area-services/fazullaganj-period-pain-relief-massage.html,https://lucknow-massage-spa.github.io/women-therapist-near-me/area-services/fazullaganj-period-pain-relief-massage.html,3015,Fazullaganj,Period Pain Relief Massage,Embedded inside HTML,Embedded inside HTML
Service,Foot Reflexology,services/foot-reflexology.html,https://lucknow-massage-spa.github.io/women-therapist-near-me/services/foot-reflexology.html,2060,,Foot Reflexology,Embedded inside HTML,Embedded inside HTML
Service,Full Body Relaxation Massage,services/full-body-relaxation-massage.html,https://lucknow-massage-spa.github.io/women-therapist-near-me/services/full-body-relaxation-massage.html,2165,,Full Body Relaxation Massage,Embedded inside HTML,Embedded inside HTML
Area+Service,"Back Pain Relief Massage in Ganeshganj, Lucknow",area-services/ganeshganj-back-pain-relief-massage.html,https://lucknow-massage-spa.github.io/women-therapist-near-me/area-services/ganeshganj-back-pain-relief-massage.html,2999,Ganeshganj,Back Pain Relief Massage,Embedded inside HTML,Embedded inside HTML
Area+Service,"Full Body Relaxation Massage in Ganeshganj, Lucknow",area-services/ganeshganj-full-body-relaxation-massage.html,https://lucknow-massage-spa.github.io/women-therapist-near-me/area-services/ganeshganj-full-body-relaxation-massage.html,3010,Ganeshganj,Full Body Relaxation Massage,Embedded inside HTML,Embedded inside HTML
Area,"Women Therapist Near Me in Ganeshganj, Lucknow",areas/ganeshganj-home-massage.html,https://lucknow-massage-spa.github.io/women-therapist-near-me/areas/ganeshganj-home-massage.html,2345,Ganeshganj,,Embedded inside HTML,Embedded inside HTML
Area+Service,"Period Pain Relief Massage in Ganeshganj, Lucknow",area-services/ganeshganj-period-pain-relief-massage.html,https://lucknow-massage-spa.github.io/women-therapist-near-me/area-services/ganeshganj-period-pain-relief-massage.html,3001,Ganeshganj,Period Pain Relief Massage,Embedded inside HTML,Embedded inside HTML
Area+Service,"Back Pain Relief Massage in Gokhale Marg, Lucknow",area-services/gokhale-marg-back-pain-relief-massage.html,https://lucknow-massage-spa.github.io/women-therapist-near-me/area-services/gokhale-marg-back-pain-relief-massage.html,3054,Gokhale Marg,Back Pain Relief Massage,Embedded inside HTML,Embedded inside HTML
Area+Service,"Full Body Relaxation Massage in Gokhale Marg, Lucknow",area-services/gokhale-marg-full-body-relaxation-massage.html,https://lucknow-massage-spa.github.io/women-therapist-near-me/area-services/gokhale-marg-full-body-relaxation-massage.html,3063,Gokhale Marg,Full Body Relaxation Massage,Embedded inside HTML,Embedded inside HTML
Area,"Women Therapist Near Me in Gokhale Marg, Lucknow",areas/gokhale-marg-home-massage.html,https://lucknow-massage-spa.github.io/women-therapist-near-me/areas/gokhale-marg-home-massage.html,2417,Gokhale Marg,,Embedded inside HTML,Embedded inside HTML
Area+Service,"Period Pain Relief Massage in Gokhale Marg, Lucknow",area-services/gokhale-marg-period-pain-relief-massage.html,https://lucknow-massage-spa.github.io/women-therapist-near-me/area-services/gokhale-marg-period-pain-relief-massage.html,3057,Gokhale Marg,Period Pain Relief Massage,Embedded inside HTML,Embedded inside HTML
Area+Service,"Back Pain Relief Massage in Golaganj, Lucknow",area-services/golaganj-back-pain-relief-massage.html,https://lucknow-massage-spa.github.io/women-therapist-near-me/area-services/golaganj-back-pain-relief-massage.html,3020,Golaganj,Back Pain Relief Massage,Embedded inside HTML,Embedded inside HTML
Area+Service,"Full Body Relaxation Massage in Golaganj, Lucknow",area-services/golaganj-full-body-relaxation-massage.html,https://lucknow-massage-spa.github.io/women-therapist-near-me/area-services/golaganj-full-body-relaxation-massage.html,3018,Golaganj,Full Body Relaxation Massage,Embedded inside HTML,Embedded inside HTML
Area,"Women Therapist Near Me in Golaganj, Lucknow",areas/golaganj-home-massage.html,https://lucknow-massage-spa.github.io/women-therapist-near-me/areas/golaganj-home-massage.html,2348,Golaganj,,Embedded inside HTML,Embedded inside HTML
Area+Service,"Period Pain Relief Massage in Golaganj, Lucknow",area-services/golaganj-period-pain-relief-massage.html,https://lucknow-massage-spa.github.io/women-therapist-near-me/area-services/golaganj-period-pain-relief-massage.html,3026,Golaganj,Period Pain Relief Massage,Embedded inside HTML,Embedded inside HTML
Area+Service,"Back Pain Relief Massage in Gomti Nagar, Lucknow",area-services/gomti-nagar-back-pain-relief-massage.html,https://lucknow-massage-spa.github.io/women-therapist-near-me/area-services/gomti-nagar-back-pain-relief-massage.html,3063,Gomti Nagar,Back Pain Relief Massage,Embedded inside HTML,Embedded inside HTML
Area+Service,"Back Pain Relief Massage in Gomti Nagar Extension, Lucknow",area-services/gomti-nagar-extension-back-pain-relief-massage.html,https://lucknow-massage-spa.github.io/women-therapist-near-me/area-services/gomti-nagar-extension-back-pain-relief-massage.html,3154,Gomti Nagar Extension,Back Pain Relief Massage,Embedded inside HTML,Embedded inside HTML
Area+Service,"Full Body Relaxation Massage in Gomti Nagar Extension, Lucknow",area-services/gomti-nagar-extension-full-body-relaxation-massage.html,https://lucknow-massage-spa.github.io/women-therapist-near-me/area-services/gomti-nagar-extension-full-body-relaxation-massage.html,3126,Gomti Nagar Extension,Full Body Relaxation Massage,Embedded inside HTML,Embedded inside HTML
Area,"Women Therapist Near Me in Gomti Nagar Extension, Lucknow",areas/gomti-nagar-extension-home-massage.html,https://lucknow-massage-spa.github.io/women-therapist-near-me/areas/gomti-nagar-extension-home-massage.html,2472,Gomti Nagar Extension,,Embedded inside HTML,Embedded inside HTML
Area+Service,"Period Pain Relief Massage in Gomti Nagar Extension, Lucknow",area-services/gomti-nagar-extension-period-pain-relief-massage.html,https://lucknow-massage-spa.github.io/women-therapist-near-me/area-services/gomti-nagar-extension-period-pain-relief-massage.html,3123,Gomti Nagar Extension,Period Pain Relief Massage,Embedded inside HTML,Embedded inside HTML
Area+Service,"Full Body Relaxation Massage in Gomti Nagar, Lucknow",area-services/gomti-nagar-full-body-relaxation-massage.html,https://lucknow-massage-spa.github.io/women-therapist-near-me/area-services/gomti-nagar-full-body-relaxation-massage.html,3071,Gomti Nagar,Full Body Relaxation Massage,Embedded inside HTML,Embedded inside HTML
Area,"Women Therapist Near Me in Gomti Nagar, Lucknow",areas/gomti-nagar-home-massage.html,https://lucknow-massage-spa.github.io/women-therapist-near-me/areas/gomti-nagar-home-massage.html,2390,Gomti Nagar,,Embedded inside HTML,Embedded inside HTML
Area+Service,"Period Pain Relief Massage in Gomti Nagar, Lucknow",area-services/gomti-nagar-period-pain-relief-massage.html,https://lucknow-massage-spa.github.io/women-therapist-near-me/area-services/gomti-nagar-period-pain-relief-massage.html,3082,Gomti Nagar,Period Pain Relief Massage,Embedded inside HTML,Embedded inside HTML
Area+Service,"Back Pain Relief Massage in Gosainganj, Lucknow",area-services/gosainganj-back-pain-relief-massage.html,https://lucknow-massage-spa.github.io/women-therapist-near-me/area-services/gosainganj-back-pain-relief-massage.html,2998,Gosainganj,Back Pain Relief Massage,Embedded inside HTML,Embedded inside HTML
Area+Service,"Full Body Relaxation Massage in Gosainganj, Lucknow",area-services/gosainganj-full-body-relaxation-massage.html,https://lucknow-massage-spa.github.io/women-therapist-near-me/area-services/gosainganj-full-body-relaxation-massage.html,2997,Gosainganj,Full Body Relaxation Massage,Embedded inside HTML,Embedded inside HTML
Area,"Women Therapist Near Me in Gosainganj, Lucknow",areas/gosainganj-home-massage.html,https://lucknow-massage-spa.github.io/women-therapist-near-me/areas/gosainganj-home-massage.html,2332,Gosainganj,,Embedded inside HTML,Embedded inside HTML
Area+Service,"Period Pain Relief Massage in Gosainganj, Lucknow",area-services/gosainganj-period-pain-relief-massage.html,https://lucknow-massage-spa.github.io/women-therapist-near-me/area-services/gosainganj-period-pain-relief-massage.html,3022,Gosainganj,Period Pain Relief Massage,Embedded inside HTML,Embedded inside HTML
Guide,Home Care Guide: Anti-Stress Massage,guides/guides-home-care-guide-anti-stress-massage.html,https://lucknow-massage-spa.github.io/women-therapist-near-me/guides/guides-home-care-guide-anti-stress-massage.html,2571,,Anti-Stress Massage,Embedded inside HTML,Embedded inside HTML
Guide,Home Care Guide: Aromatherapy Massage,guides/guides-home-care-guide-aromatherapy-massage.html,https://lucknow-massage-spa.github.io/women-therapist-near-me/guides/guides-home-care-guide-aromatherapy-massage.html,2550,,Aromatherapy Massage,Embedded inside HTML,Embedded inside HTML
Guide,Home Care Guide: Back Pain Relief Massage,guides/guides-home-care-guide-back-pain-relief-massage.html,https://lucknow-massage-spa.github.io/women-therapist-near-me/guides/guides-home-care-guide-back-pain-relief-massage.html,2637,,Back Pain Relief Massage,Embedded inside HTML,Embedded inside HTML
Guide,Home Care Guide: Body Pain Relief Massage,guides/guides-home-care-guide-body-pain-relief-massage.html,https://lucknow-massage-spa.github.io/women-therapist-near-me/guides/guides-home-care-guide-body-pain-relief-massage.html,2660,,Body Pain Relief Massage,Embedded inside HTML,Embedded inside HTML
Guide,Home Care Guide: Cramps Relief Massage,guides/guides-home-care-guide-cramps-relief-massage.html,https://lucknow-massage-spa.github.io/women-therapist-near-me/guides/guides-home-care-guide-cramps-relief-massage.html,2614,,Cramps Relief Massage,Embedded inside HTML,Embedded inside HTML
Guide,Home Care Guide: Deep Tissue Massage,guides/guides-home-care-guide-deep-tissue-massage.html,https://lucknow-massage-spa.github.io/women-therapist-near-me/guides/guides-home-care-guide-deep-tissue-massage.html,2609,,Deep Tissue Massage,Embedded inside HTML,Embedded inside HTML
Guide,Home Care Guide: Foot Reflexology,guides/guides-home-care-guide-foot-reflexology.html,https://lucknow-massage-spa.github.io/women-therapist-near-me/guides/guides-home-care-guide-foot-reflexology.html,2573,,Foot Reflexology,Embedded inside HTML,Embedded inside HTML
Guide,Home Care Guide: Full Body Relaxation Massage,guides/guides-home-care-guide-full-body-relaxation-massage.html,https://lucknow-massage-spa.github.io/women-therapist-near-me/guides/guides-home-care-guide-full-body-relaxation-massage.html,2631,,Full Body Relaxation Massage,Embedded inside HTML,Embedded inside HTML
Guide,Home Care Guide: Head & Neck Massage,guides/guides-home-care-guide-head-and-neck-massage.html,https://lucknow-massage-spa.github.io/women-therapist-near-me/guides/guides-home-care-guide-head-and-neck-massage.html,2640,,Head & Neck Massage,Embedded inside HTML,Embedded inside HTML
Guide,Home Care Guide: Home Physiotherapy,guides/guides-home-care-guide-home-physiotherapy.html,https://lucknow-massage-spa.github.io/women-therapist-near-me/guides/guides-home-care-guide-home-physiotherapy.html,2559,,Home Physiotherapy,Embedded inside HTML,Embedded inside HTML
Guide,Home Care Guide: Hot Oil Massage,guides/guides-home-care-guide-hot-oil-massage.html,https://lucknow-massage-spa.github.io/women-therapist-near-me/guides/guides-home-care-guide-hot-oil-massage.html,2592,,Hot Oil Massage,Embedded inside HTML,Embedded inside HTML
Guide,Home Care Guide: Joint Pain Therapy,guides/guides-home-care-guide-joint-pain-therapy.html,https://lucknow-massage-spa.github.io/women-therapist-near-me/guides/guides-home-care-guide-joint-pain-therapy.html,2582,,Joint Pain Therapy,Embedded inside HTML,Embedded inside HTML
Guide,Home Care Guide: Leg Pain Therapy,guides/guides-home-care-guide-leg-pain-therapy.html,https://lucknow-massage-spa.github.io/women-therapist-near-me/guides/guides-home-care-guide-leg-pain-therapy.html,2593,,Leg Pain Therapy,Embedded inside HTML,Embedded inside HTML
Guide,Home Care Guide: Monthly Care Plan,guides/guides-home-care-guide-monthly-care-plan.html,https://lucknow-massage-spa.github.io/women-therapist-near-me/guides/guides-home-care-guide-monthly-care-plan.html,2612,,Monthly Care Plan,Embedded inside HTML,Embedded inside HTML
Guide,Home Care Guide: Muscle Relaxation Therapy,guides/guides-home-care-guide-muscle-relaxation-therapy.html,https://lucknow-massage-spa.github.io/women-therapist-near-me/guides/guides-home-care-guide-muscle-relaxation-therapy.html,2571,,Muscle Relaxation Therapy,Embedded inside HTML,Embedded inside HTML
Guide,Home Care Guide: Period Pain Relief Massage,guides/guides-home-care-guide-period-pain-relief-massage.html,https://lucknow-massage-spa.github.io/women-therapist-near-me/guides/guides-home-care-guide-period-pain-relief-massage.html,2664,,Period Pain Relief Massage,Embedded inside HTML,Embedded inside HTML
Guide,Home Care Guide: Postnatal Massage,guides/guides-home-care-guide-postnatal-massage.html,https://lucknow-massage-spa.github.io/women-therapist-near-me/guides/guides-home-care-guide-postnatal-massage.html,2566,,Postnatal Massage,Embedded inside HTML,Embedded inside HTML
Guide,Home Care Guide: Prenatal Massage,guides/guides-home-care-guide-prenatal-massage.html,https://lucknow-massage-spa.github.io/women-therapist-near-me/guides/guides-home-care-guide-prenatal-massage.html,2565,,Prenatal Massage,Embedded inside HTML,Embedded inside HTML
Guide,Home Care Guide: Senior Citizen Massage Therapy,guides/guides-home-care-guide-senior-citizen-massage-therapy.html,https://lucknow-massage-spa.github.io/women-therapist-near-me/guides/guides-home-care-guide-senior-citizen-massage-therapy.html,2646,,Senior Citizen Massage Therapy,Embedded inside HTML,Embedded inside HTML
Guide,Home Care Guide: Shoulder & Neck Pain Massage,guides/guides-home-care-guide-shoulder-and-neck-pain-massage.html,https://lucknow-massage-spa.github.io/women-therapist-near-me/guides/guides-home-care-guide-shoulder-and-neck-pain-massage.html,2694,,Shoulder & Neck Pain Massage,Embedded inside HTML,Embedded inside HTML
Guide,Home Care Guide: Spine Alignment Therapy,guides/guides-home-care-guide-spine-alignment-therapy.html,https://lucknow-massage-spa.github.io/women-therapist-near-me/guides/guides-home-care-guide-spine-alignment-therapy.html,2601,,Spine Alignment Therapy,Embedded inside HTML,Embedded inside HTML
Guide,Home Care Guide: Sports Recovery Massage,guides/guides-home-care-guide-sports-recovery-massage.html,https://lucknow-massage-spa.github.io/women-therapist-near-me/guides/guides-home-care-guide-sports-recovery-massage.html,2608,,Sports Recovery Massage,Embedded inside HTML,Embedded inside HTML
Guide,Home Care Guide: Stress & Mood Relief Therapy,guides/guides-home-care-guide-stress-and-mood-relief-therapy.html,https://lucknow-massage-spa.github.io/women-therapist-near-me/guides/guides-home-care-guide-stress-and-mood-relief-therapy.html,2688,,Stress & Mood Relief Therapy,Embedded inside HTML,Embedded inside HTML
Guide,Home Care Guide: Swedish Massage,guides/guides-home-care-guide-swedish-massage.html,https://lucknow-massage-spa.github.io/women-therapist-near-me/guides/guides-home-care-guide-swedish-massage.html,2544,,Swedish Massage,Embedded inside HTML,Embedded inside HTML
Guide,Home Care Guide: Wellness Massage Package,guides/guides-home-care-guide-wellness-massage-package.html,https://lucknow-massage-spa.github.io/women-therapist-near-me/guides/guides-home-care-guide-wellness-massage-package.html,2607,,Wellness Massage Package,Embedded inside HTML,Embedded inside HTML
Guide,How to Prepare for Your Anti-Stress Massage Session,guides/guides-how-to-prepare-for-your-anti-stress-massage-session.html,https://lucknow-massage-spa.github.io/women-therapist-near-me/guides/guides-how-to-prepare-for-your-anti-stress-massage-session.html,2564,,Anti-Stress Massage,Embedded inside HTML,Embedded inside HTML
Guide,How to Prepare for Your Aromatherapy Massage Session,guides/guides-how-to-prepare-for-your-aromatherapy-massage-session.html,https://lucknow-massage-spa.github.io/women-therapist-near-me/guides/guides-how-to-prepare-for-your-aromatherapy-massage-session.html,2558,,Aromatherapy Massage,Embedded inside HTML,Embedded inside HTML
Guide,How to Prepare for Your Back Pain Relief Massage Session,guides/guides-how-to-prepare-for-your-back-pain-relief-massage-session.html,https://lucknow-massage-spa.github.io/women-therapist-near-me/guides/guides-how-to-prepare-for-your-back-pain-relief-massage-session.html,2651,,Back Pain Relief Massage,Embedded inside HTML,Embedded inside HTML
Guide,How to Prepare for Your Body Pain Relief Massage Session,guides/guides-how-to-prepare-for-your-body-pain-relief-massage-session.html,https://lucknow-massage-spa.github.io/women-therapist-near-me/guides/guides-how-to-prepare-for-your-body-pain-relief-massage-session.html,2655,,Body Pain Relief Massage,Embedded inside HTML,Embedded inside HTML
Guide,How to Prepare for Your Cramps Relief Massage Session,guides/guides-how-to-prepare-for-your-cramps-relief-massage-session.html,https://lucknow-massage-spa.github.io/women-therapist-near-me/guides/guides-how-to-prepare-for-your-cramps-relief-massage-session.html,2614,,Cramps Relief Massage,Embedded inside HTML,Embedded inside HTML
Guide,How to Prepare for Your Deep Tissue Massage Session,guides/guides-how-to-prepare-for-your-deep-tissue-massage-session.html,https://lucknow-massage-spa.github.io/women-therapist-near-me/guides/guides-how-to-prepare-for-your-deep-tissue-massage-session.html,2595,,Deep Tissue Massage,Embedded inside HTML,Embedded inside HTML
Guide,How to Prepare for Your Foot Reflexology Session,guides/guides-how-to-prepare-for-your-foot-reflexology-session.html,https://lucknow-massage-spa.github.io/women-therapist-near-me/guides/guides-how-to-prepare-for-your-foot-reflexology-session.html,2569,,Foot Reflexology,Embedded inside HTML,Embedded inside HTML
Guide,How to Prepare for Your Full Body Relaxation Massage Session,guides/guides-how-to-prepare-for-your-full-body-relaxation-massage-session.html,https://lucknow-massage-spa.github.io/women-therapist-near-me/guides/guides-how-to-prepare-for-your-full-body-relaxation-massage-session.html,2651,,Full Body Relaxation Massage,Embedded inside HTML,Embedded inside HTML
Guide,How to Prepare for Your Head & Neck Massage Session,guides/guides-how-to-prepare-for-your-head-and-neck-massage-session.html,https://lucknow-massage-spa.github.io/women-therapist-near-me/guides/guides-how-to-prepare-for-your-head-and-neck-massage-session.html,2652,,Head & Neck Massage,Embedded inside HTML,Embedded inside HTML
Guide,How to Prepare for Your Home Physiotherapy Session,guides/guides-how-to-prepare-for-your-home-physiotherapy-session.html,https://lucknow-massage-spa.github.io/women-therapist-near-me/guides/guides-how-to-prepare-for-your-home-physiotherapy-session.html,2536,,Home Physiotherapy,Embedded inside HTML,Embedded inside HTML
Guide,How to Prepare for Your Hot Oil Massage Session,guides/guides-how-to-prepare-for-your-hot-oil-massage-session.html,https://lucknow-massage-spa.github.io/women-therapist-near-me/guides/guides-how-to-prepare-for-your-hot-oil-massage-session.html,2607,,Hot Oil Massage,Embedded inside HTML,Embedded inside HTML
Guide,How to Prepare for Your Joint Pain Therapy Session,guides/guides-how-to-prepare-for-your-joint-pain-therapy-session.html,https://lucknow-massage-spa.github.io/women-therapist-near-me/guides/guides-how-to-prepare-for-your-joint-pain-therapy-session.html,2597,,Joint Pain Therapy,Embedded inside HTML,Embedded inside HTML
Guide,How to Prepare for Your Leg Pain Therapy Session,guides/guides-how-to-prepare-for-your-leg-pain-therapy-session.html,https://lucknow-massage-spa.github.io/women-therapist-near-me/guides/guides-how-to-prepare-for-your-leg-pain-therapy-session.html,2625,,Leg Pain Therapy,Embedded inside HTML,Embedded inside HTML
Guide,How to Prepare for Your Monthly Care Plan Session,guides/guides-how-to-prepare-for-your-monthly-care-plan-session.html,https://lucknow-massage-spa.github.io/women-therapist-near-me/guides/guides-how-to-prepare-for-your-monthly-care-plan-session.html,2600,,Monthly Care Plan,Embedded inside HTML,Embedded inside HTML
Guide,How to Prepare for Your Muscle Relaxation Therapy Session,guides/guides-how-to-prepare-for-your-muscle-relaxation-therapy-session.html,https://lucknow-massage-spa.github.io/women-therapist-near-me/guides/guides-how-to-prepare-for-your-muscle-relaxation-therapy-session.html,2618,,Muscle Relaxation Therapy,Embedded inside HTML,Embedded inside HTML
Guide,How to Prepare for Your Period Pain Relief Massage Session,guides/guides-how-to-prepare-for-your-period-pain-relief-massage-session.html,https://lucknow-massage-spa.github.io/women-therapist-near-me/guides/guides-how-to-prepare-for-your-period-pain-relief-massage-session.html,2663,,Period Pain Relief Massage,Embedded inside HTML,Embedded inside HTML
Guide,How to Prepare for Your Postnatal Massage Session,guides/guides-how-to-prepare-for-your-postnatal-massage-session.html,https://lucknow-massage-spa.github.io/women-therapist-near-me/guides/guides-how-to-prepare-for-your-postnatal-massage-session.html,2557,,Postnatal Massage,Embedded inside HTML,Embedded inside HTML
Guide,How to Prepare for Your Prenatal Massage Session,guides/guides-how-to-prepare-for-your-prenatal-massage-session.html,https://lucknow-massage-spa.github.io/women-therapist-near-me/guides/guides-how-to-prepare-for-your-prenatal-massage-session.html,2556,,Prenatal Massage,Embedded inside HTML,Embedded inside HTML
Guide,How to Prepare for Your Senior Citizen Massage Therapy Session,guides/guides-how-to-prepare-for-your-senior-citizen-massage-therapy-session.html,https://lucknow-massage-spa.github.io/women-therapist-near-me/guides/guides-how-to-prepare-for-your-senior-citizen-massage-therapy-session.html,2654,,Senior Citizen Massage Therapy,Embedded inside HTML,Embedded inside HTML
Guide,How to Prepare for Your Shoulder & Neck Pain Massage Session,guides/guides-how-to-prepare-for-your-shoulder-and-neck-pain-massage-session.html,https://lucknow-massage-spa.github.io/women-therapist-near-me/guides/guides-how-to-prepare-for-your-shoulder-and-neck-pain-massage-session.html,2694,,Shoulder & Neck Pain Massage,Embedded inside HTML,Embedded inside HTML
Guide,How to Prepare for Your Spine Alignment Therapy Session,guides/guides-how-to-prepare-for-your-spine-alignment-therapy-session.html,https://lucknow-massage-spa.github.io/women-therapist-near-me/guides/guides-how-to-prepare-for-your-spine-alignment-therapy-session.html,2611,,Spine Alignment Therapy,Embedded inside HTML,Embedded inside HTML
Guide,How to Prepare for Your Sports Recovery Massage Session,guides/guides-how-to-prepare-for-your-sports-recovery-massage-session.html,https://lucknow-massage-spa.github.io/women-therapist-near-me/guides/guides-how-to-prepare-for-your-sports-recovery-massage-session.html,2599,,Sports Recovery Massage,Embedded inside HTML,Embedded inside HTML
Guide,How to Prepare for Your Stress & Mood Relief Therapy Session,guides/guides-how-to-prepare-for-your-stress-and-mood-relief-therapy-session.html,https://lucknow-massage-spa.github.io/women-therapist-near-me/guides/guides-how-to-prepare-for-your-stress-and-mood-relief-therapy-session.html,2708,,Stress & Mood Relief Therapy,Embedded inside HTML,Embedded inside HTML
Guide,How to Prepare for Your Swedish Massage Session,guides/guides-how-to-prepare-for-your-swedish-massage-session.html,https://lucknow-massage-spa.github.io/women-therapist-near-me/guides/guides-how-to-prepare-for-your-swedish-massage-session.html,2537,,Swedish Massage,Embedded inside HTML,Embedded inside HTML
Guide,How to Prepare for Your Wellness Massage Package Session,guides/guides-how-to-prepare-for-your-wellness-massage-package-session.html,https://lucknow-massage-spa.github.io/women-therapist-near-me/guides/guides-how-to-prepare-for-your-wellness-massage-package-session.html,2618,,Wellness Massage Package,Embedded inside HTML,Embedded inside HTML
Guides Hub,50 Home Wellness Preparation Guides,guides/index.html,https://lucknow-massage-spa.github.io/women-therapist-near-me/guides/,937,,,Embedded inside HTML,Embedded inside HTML
Area+Service,"Back Pain Relief Massage in HAL Colony, Lucknow",area-services/hal-colony-back-pain-relief-massage.html,https://lucknow-massage-spa.github.io/women-therapist-near-me/area-services/hal-colony-back-pain-relief-massage.html,3067,HAL Colony,Back Pain Relief Massage,Embedded inside HTML,Embedded inside HTML
Area+Service,"Full Body Relaxation Massage in HAL Colony, Lucknow",area-services/hal-colony-full-body-relaxation-massage.html,https://lucknow-massage-spa.github.io/women-therapist-near-me/area-services/hal-colony-full-body-relaxation-massage.html,3055,HAL Colony,Full Body Relaxation Massage,Embedded inside HTML,Embedded inside HTML
Area,"Women Therapist Near Me in HAL Colony, Lucknow",areas/hal-colony-home-massage.html,https://lucknow-massage-spa.github.io/women-therapist-near-me/areas/hal-colony-home-massage.html,2392,HAL Colony,,Embedded inside HTML,Embedded inside HTML
Area+Service,"Period Pain Relief Massage in HAL Colony, Lucknow",area-services/hal-colony-period-pain-relief-massage.html,https://lucknow-massage-spa.github.io/women-therapist-near-me/area-services/hal-colony-period-pain-relief-massage.html,3088,HAL Colony,Period Pain Relief Massage,Embedded inside HTML,Embedded inside HTML
Area+Service,"Back Pain Relief Massage in Hardoi Road, Lucknow",area-services/hardoi-road-back-pain-relief-massage.html,https://lucknow-massage-spa.github.io/women-therapist-near-me/area-services/hardoi-road-back-pain-relief-massage.html,3058,Hardoi Road,Back Pain Relief Massage,Embedded inside HTML,Embedded inside HTML
Area+Service,"Full Body Relaxation Massage in Hardoi Road, Lucknow",area-services/hardoi-road-full-body-relaxation-massage.html,https://lucknow-massage-spa.github.io/women-therapist-near-me/area-services/hardoi-road-full-body-relaxation-massage.html,3048,Hardoi Road,Full Body Relaxation Massage,Embedded inside HTML,Embedded inside HTML
Area,"Women Therapist Near Me in Hardoi Road, Lucknow",areas/hardoi-road-home-massage.html,https://lucknow-massage-spa.github.io/women-therapist-near-me/areas/hardoi-road-home-massage.html,2412,Hardoi Road,,Embedded inside HTML,Embedded inside HTML
Area+Service,"Period Pain Relief Massage in Hardoi Road, Lucknow",area-services/hardoi-road-period-pain-relief-massage.html,https://lucknow-massage-spa.github.io/women-therapist-near-me/area-services/hardoi-road-period-pain-relief-massage.html,3068,Hardoi Road,Period Pain Relief Massage,Embedded inside HTML,Embedded inside HTML
Area+Service,"Back Pain Relief Massage in Hazratganj, Lucknow",area-services/hazratganj-back-pain-relief-massage.html,https://lucknow-massage-spa.github.io/women-therapist-near-me/area-services/hazratganj-back-pain-relief-massage.html,3001,Hazratganj,Back Pain Relief Massage,Embedded inside HTML,Embedded inside HTML
Area+Service,"Full Body Relaxation Massage in Hazratganj, Lucknow",area-services/hazratganj-full-body-relaxation-massage.html,https://lucknow-massage-spa.github.io/women-therapist-near-me/area-services/hazratganj-full-body-relaxation-massage.html,2990,Hazratganj,Full Body Relaxation Massage,Embedded inside HTML,Embedded inside HTML
Area,"Women Therapist Near Me in Hazratganj, Lucknow",areas/hazratganj-home-massage.html,https://lucknow-massage-spa.github.io/women-therapist-near-me/areas/hazratganj-home-massage.html,2328,Hazratganj,,Embedded inside HTML,Embedded inside HTML
Area+Service,"Period Pain Relief Massage in Hazratganj, Lucknow",area-services/hazratganj-period-pain-relief-massage.html,https://lucknow-massage-spa.github.io/women-therapist-near-me/area-services/hazratganj-period-pain-relief-massage.html,3008,Hazratganj,Period Pain Relief Massage,Embedded inside HTML,Embedded inside HTML
Service,Head & Neck Massage,services/head-and-neck-massage.html,https://lucknow-massage-spa.github.io/women-therapist-near-me/services/head-and-neck-massage.html,2125,,Head & Neck Massage,Embedded inside HTML,Embedded inside HTML
Service,Home Physiotherapy,services/home-physiotherapy.html,https://lucknow-massage-spa.github.io/women-therapist-near-me/services/home-physiotherapy.html,2048,,Home Physiotherapy,Embedded inside HTML,Embedded inside HTML
Service,Hot Oil Massage,services/hot-oil-massage.html,https://lucknow-massage-spa.github.io/women-therapist-near-me/services/hot-oil-massage.html,2088,,Hot Oil Massage,Embedded inside HTML,Embedded inside HTML
Area+Service,"Back Pain Relief Massage in Husainabad, Lucknow",area-services/husainabad-back-pain-relief-massage.html,https://lucknow-massage-spa.github.io/women-therapist-near-me/area-services/husainabad-back-pain-relief-massage.html,3024,Husainabad,Back Pain Relief Massage,Embedded inside HTML,Embedded inside HTML
Area+Service,"Full Body Relaxation Massage in Husainabad, Lucknow",area-services/husainabad-full-body-relaxation-massage.html,https://lucknow-massage-spa.github.io/women-therapist-near-me/area-services/husainabad-full-body-relaxation-massage.html,3008,Husainabad,Full Body Relaxation Massage,Embedded inside HTML,Embedded inside HTML
Area,"Women Therapist Near Me in Husainabad, Lucknow",areas/husainabad-home-massage.html,https://lucknow-massage-spa.github.io/women-therapist-near-me/areas/husainabad-home-massage.html,2344,Husainabad,,Embedded inside HTML,Embedded inside HTML
Area+Service,"Period Pain Relief Massage in Husainabad, Lucknow",area-services/husainabad-period-pain-relief-massage.html,https://lucknow-massage-spa.github.io/women-therapist-near-me/area-services/husainabad-period-pain-relief-massage.html,3023,Husainabad,Period Pain Relief Massage,Embedded inside HTML,Embedded inside HTML
Area+Service,"Back Pain Relief Massage in Husainganj, Lucknow",area-services/husainganj-back-pain-relief-massage.html,https://lucknow-massage-spa.github.io/women-therapist-near-me/area-services/husainganj-back-pain-relief-massage.html,3007,Husainganj,Back Pain Relief Massage,Embedded inside HTML,Embedded inside HTML
Area+Service,"Full Body Relaxation Massage in Husainganj, Lucknow",area-services/husainganj-full-body-relaxation-massage.html,https://lucknow-massage-spa.github.io/women-therapist-near-me/area-services/husainganj-full-body-relaxation-massage.html,2969,Husainganj,Full Body Relaxation Massage,Embedded inside HTML,Embedded inside HTML
Area,"Women Therapist Near Me in Husainganj, Lucknow",areas/husainganj-home-massage.html,https://lucknow-massage-spa.github.io/women-therapist-near-me/areas/husainganj-home-massage.html,2340,Husainganj,,Embedded inside HTML,Embedded inside HTML
Area+Service,"Period Pain Relief Massage in Husainganj, Lucknow",area-services/husainganj-period-pain-relief-massage.html,https://lucknow-massage-spa.github.io/women-therapist-near-me/area-services/husainganj-period-pain-relief-massage.html,3024,Husainganj,Period Pain Relief Massage,Embedded inside HTML,Embedded inside HTML
Area+Service,"Back Pain Relief Massage in IIM Road, Lucknow",area-services/iim-road-back-pain-relief-massage.html,https://lucknow-massage-spa.github.io/women-therapist-near-me/area-services/iim-road-back-pain-relief-massage.html,3067,IIM Road,Back Pain Relief Massage,Embedded inside HTML,Embedded inside HTML
Area+Service,"Full Body Relaxation Massage in IIM Road, Lucknow",area-services/iim-road-full-body-relaxation-massage.html,https://lucknow-massage-spa.github.io/women-therapist-near-me/area-services/iim-road-full-body-relaxation-massage.html,3072,IIM Road,Full Body Relaxation Massage,Embedded inside HTML,Embedded inside HTML
Area,"Women Therapist Near Me in IIM Road, Lucknow",areas/iim-road-home-massage.html,https://lucknow-massage-spa.github.io/women-therapist-near-me/areas/iim-road-home-massage.html,2408,IIM Road,,Embedded inside HTML,Embedded inside HTML
Area+Service,"Period Pain Relief Massage in IIM Road, Lucknow",area-services/iim-road-period-pain-relief-massage.html,https://lucknow-massage-spa.github.io/women-therapist-near-me/area-services/iim-road-period-pain-relief-massage.html,3085,IIM Road,Period Pain Relief Massage,Embedded inside HTML,Embedded inside HTML
Home,Women Therapist Near Me in Lucknow,index.html,https://lucknow-massage-spa.github.io/women-therapist-near-me/,1468,,,Embedded inside HTML,Embedded inside HTML
Area+Service,"Back Pain Relief Massage in Indira Nagar, Lucknow",area-services/indira-nagar-back-pain-relief-massage.html,https://lucknow-massage-spa.github.io/women-therapist-near-me/area-services/indira-nagar-back-pain-relief-massage.html,3069,Indira Nagar,Back Pain Relief Massage,Embedded inside HTML,Embedded inside HTML
Area+Service,"Full Body Relaxation Massage in Indira Nagar, Lucknow",area-services/indira-nagar-full-body-relaxation-massage.html,https://lucknow-massage-spa.github.io/women-therapist-near-me/area-services/indira-nagar-full-body-relaxation-massage.html,3059,Indira Nagar,Full Body Relaxation Massage,Embedded inside HTML,Embedded inside HTML
Area,"Women Therapist Near Me in Indira Nagar, Lucknow",areas/indira-nagar-home-massage.html,https://lucknow-massage-spa.github.io/women-therapist-near-me/areas/indira-nagar-home-massage.html,2422,Indira Nagar,,Embedded inside HTML,Embedded inside HTML
Area+Service,"Period Pain Relief Massage in Indira Nagar, Lucknow",area-services/indira-nagar-period-pain-relief-massage.html,https://lucknow-massage-spa.github.io/women-therapist-near-me/area-services/indira-nagar-period-pain-relief-massage.html,3084,Indira Nagar,Period Pain Relief Massage,Embedded inside HTML,Embedded inside HTML
Area+Service,"Back Pain Relief Massage in Jankipuram, Lucknow",area-services/jankipuram-back-pain-relief-massage.html,https://lucknow-massage-spa.github.io/women-therapist-near-me/area-services/jankipuram-back-pain-relief-massage.html,3026,Jankipuram,Back Pain Relief Massage,Embedded inside HTML,Embedded inside HTML
Area+Service,"Back Pain Relief Massage in Jankipuram Extension, Lucknow",area-services/jankipuram-extension-back-pain-relief-massage.html,https://lucknow-massage-spa.github.io/women-therapist-near-me/area-services/jankipuram-extension-back-pain-relief-massage.html,3068,Jankipuram Extension,Back Pain Relief Massage,Embedded inside HTML,Embedded inside HTML
Area+Service,"Full Body Relaxation Massage in Jankipuram Extension, Lucknow",area-services/jankipuram-extension-full-body-relaxation-massage.html,https://lucknow-massage-spa.github.io/women-therapist-near-me/area-services/jankipuram-extension-full-body-relaxation-massage.html,3047,Jankipuram Extension,Full Body Relaxation Massage,Embedded inside HTML,Embedded inside HTML
Area,"Women Therapist Near Me in Jankipuram Extension, Lucknow",areas/jankipuram-extension-home-massage.html,https://lucknow-massage-spa.github.io/women-therapist-near-me/areas/jankipuram-extension-home-massage.html,2413,Jankipuram Extension,,Embedded inside HTML,Embedded inside HTML
Area+Service,"Period Pain Relief Massage in Jankipuram Extension, Lucknow",area-services/jankipuram-extension-period-pain-relief-massage.html,https://lucknow-massage-spa.github.io/women-therapist-near-me/area-services/jankipuram-extension-period-pain-relief-massage.html,3081,Jankipuram Extension,Period Pain Relief Massage,Embedded inside HTML,Embedded inside HTML
Area+Service,"Full Body Relaxation Massage in Jankipuram, Lucknow",area-services/jankipuram-full-body-relaxation-massage.html,https://lucknow-massage-spa.github.io/women-therapist-near-me/area-services/jankipuram-full-body-relaxation-massage.html,3011,Jankipuram,Full Body Relaxation Massage,Embedded inside HTML,Embedded inside HTML
Area,"Women Therapist Near Me in Jankipuram, Lucknow",areas/jankipuram-home-massage.html,https://lucknow-massage-spa.github.io/women-therapist-near-me/areas/jankipuram-home-massage.html,2330,Jankipuram,,Embedded inside HTML,Embedded inside HTML
Area+Service,"Period Pain Relief Massage in Jankipuram, Lucknow",area-services/jankipuram-period-pain-relief-massage.html,https://lucknow-massage-spa.github.io/women-therapist-near-me/area-services/jankipuram-period-pain-relief-massage.html,3021,Jankipuram,Period Pain Relief Massage,Embedded inside HTML,Embedded inside HTML
Area+Service,"Back Pain Relief Massage in Jankipuram Vistar, Lucknow",area-services/jankipuram-vistar-back-pain-relief-massage.html,https://lucknow-massage-spa.github.io/women-therapist-near-me/area-services/jankipuram-vistar-back-pain-relief-massage.html,3057,Jankipuram Vistar,Back Pain Relief Massage,Embedded inside HTML,Embedded inside HTML
Area+Service,"Full Body Relaxation Massage in Jankipuram Vistar, Lucknow",area-services/jankipuram-vistar-full-body-relaxation-massage.html,https://lucknow-massage-spa.github.io/women-therapist-near-me/area-services/jankipuram-vistar-full-body-relaxation-massage.html,3048,Jankipuram Vistar,Full Body Relaxation Massage,Embedded inside HTML,Embedded inside HTML
Area,"Women Therapist Near Me in Jankipuram Vistar, Lucknow",areas/jankipuram-vistar-home-massage.html,https://lucknow-massage-spa.github.io/women-therapist-near-me/areas/jankipuram-vistar-home-massage.html,2411,Jankipuram Vistar,,Embedded inside HTML,Embedded inside HTML
Area+Service,"Period Pain Relief Massage in Jankipuram Vistar, Lucknow",area-services/jankipuram-vistar-period-pain-relief-massage.html,https://lucknow-massage-spa.github.io/women-therapist-near-me/area-services/jankipuram-vistar-period-pain-relief-massage.html,3068,Jankipuram Vistar,Period Pain Relief Massage,Embedded inside HTML,Embedded inside HTML
Service,Joint Pain Therapy,services/joint-pain-therapy.html,https://lucknow-massage-spa.github.io/women-therapist-near-me/services/joint-pain-therapy.html,2108,,Joint Pain Therapy,Embedded inside HTML,Embedded inside HTML
Area+Service,"Back Pain Relief Massage in Jopling Road, Lucknow",area-services/jopling-road-back-pain-relief-massage.html,https://lucknow-massage-spa.github.io/women-therapist-near-me/area-services/jopling-road-back-pain-relief-massage.html,3069,Jopling Road,Back Pain Relief Massage,Embedded inside HTML,Embedded inside HTML
Area+Service,"Full Body Relaxation Massage in Jopling Road, Lucknow",area-services/jopling-road-full-body-relaxation-massage.html,https://lucknow-massage-spa.github.io/women-therapist-near-me/area-services/jopling-road-full-body-relaxation-massage.html,3064,Jopling Road,Full Body Relaxation Massage,Embedded inside HTML,Embedded inside HTML
Area,"Women Therapist Near Me in Jopling Road, Lucknow",areas/jopling-road-home-massage.html,https://lucknow-massage-spa.github.io/women-therapist-near-me/areas/jopling-road-home-massage.html,2409,Jopling Road,,Embedded inside HTML,Embedded inside HTML
Area+Service,"Period Pain Relief Massage in Jopling Road, Lucknow",area-services/jopling-road-period-pain-relief-massage.html,https://lucknow-massage-spa.github.io/women-therapist-near-me/area-services/jopling-road-period-pain-relief-massage.html,3078,Jopling Road,Period Pain Relief Massage,Embedded inside HTML,Embedded inside HTML
Area+Service,"Back Pain Relief Massage in Kakori, Lucknow",area-services/kakori-back-pain-relief-massage.html,https://lucknow-massage-spa.github.io/women-therapist-near-me/area-services/kakori-back-pain-relief-massage.html,3012,Kakori,Back Pain Relief Massage,Embedded inside HTML,Embedded inside HTML
Area+Service,"Full Body Relaxation Massage in Kakori, Lucknow",area-services/kakori-full-body-relaxation-massage.html,https://lucknow-massage-spa.github.io/women-therapist-near-me/area-services/kakori-full-body-relaxation-massage.html,2999,Kakori,Full Body Relaxation Massage,Embedded inside HTML,Embedded inside HTML
Area,"Women Therapist Near Me in Kakori, Lucknow",areas/kakori-home-massage.html,https://lucknow-massage-spa.github.io/women-therapist-near-me/areas/kakori-home-massage.html,2336,Kakori,,Embedded inside HTML,Embedded inside HTML
Area+Service,"Period Pain Relief Massage in Kakori, Lucknow",area-services/kakori-period-pain-relief-massage.html,https://lucknow-massage-spa.github.io/women-therapist-near-me/area-services/kakori-period-pain-relief-massage.html,3026,Kakori,Period Pain Relief Massage,Embedded inside HTML,Embedded inside HTML
Area+Service,"Back Pain Relief Massage in Kalyanpur East, Lucknow",area-services/kalyanpur-east-back-pain-relief-massage.html,https://lucknow-massage-spa.github.io/women-therapist-near-me/area-services/kalyanpur-east-back-pain-relief-massage.html,3071,Kalyanpur East,Back Pain Relief Massage,Embedded inside HTML,Embedded inside HTML
Area+Service,"Full Body Relaxation Massage in Kalyanpur East, Lucknow",area-services/kalyanpur-east-full-body-relaxation-massage.html,https://lucknow-massage-spa.github.io/women-therapist-near-me/area-services/kalyanpur-east-full-body-relaxation-massage.html,3047,Kalyanpur East,Full Body Relaxation Massage,Embedded inside HTML,Embedded inside HTML
Area,"Women Therapist Near Me in Kalyanpur East, Lucknow",areas/kalyanpur-east-home-massage.html,https://lucknow-massage-spa.github.io/women-therapist-near-me/areas/kalyanpur-east-home-massage.html,2413,Kalyanpur East,,Embedded inside HTML,Embedded inside HTML
Area+Service,"Period Pain Relief Massage in Kalyanpur East, Lucknow",area-services/kalyanpur-east-period-pain-relief-massage.html,https://lucknow-massage-spa.github.io/women-therapist-near-me/area-services/kalyanpur-east-period-pain-relief-massage.html,3066,Kalyanpur East,Period Pain Relief Massage,Embedded inside HTML,Embedded inside HTML
Area+Service,"Back Pain Relief Massage in Kalyanpur West, Lucknow",area-services/kalyanpur-west-back-pain-relief-massage.html,https://lucknow-massage-spa.github.io/women-therapist-near-me/area-services/kalyanpur-west-back-pain-relief-massage.html,3074,Kalyanpur West,Back Pain Relief Massage,Embedded inside HTML,Embedded inside HTML
Area+Service,"Full Body Relaxation Massage in Kalyanpur West, Lucknow",area-services/kalyanpur-west-full-body-relaxation-massage.html,https://lucknow-massage-spa.github.io/women-therapist-near-me/area-services/kalyanpur-west-full-body-relaxation-massage.html,3055,Kalyanpur West,Full Body Relaxation Massage,Embedded inside HTML,Embedded inside HTML
Area,"Women Therapist Near Me in Kalyanpur West, Lucknow",areas/kalyanpur-west-home-massage.html,https://lucknow-massage-spa.github.io/women-therapist-near-me/areas/kalyanpur-west-home-massage.html,2403,Kalyanpur West,,Embedded inside HTML,Embedded inside HTML
Area+Service,"Period Pain Relief Massage in Kalyanpur West, Lucknow",area-services/kalyanpur-west-period-pain-relief-massage.html,https://lucknow-massage-spa.github.io/women-therapist-near-me/area-services/kalyanpur-west-period-pain-relief-massage.html,3058,Kalyanpur West,Period Pain Relief Massage,Embedded inside HTML,Embedded inside HTML
Area+Service,"Back Pain Relief Massage in Kamta, Lucknow",area-services/kamta-back-pain-relief-massage.html,https://lucknow-massage-spa.github.io/women-therapist-near-me/area-services/kamta-back-pain-relief-massage.html,3009,Kamta,Back Pain Relief Massage,Embedded inside HTML,Embedded inside HTML
Area+Service,"Full Body Relaxation Massage in Kamta, Lucknow",area-services/kamta-full-body-relaxation-massage.html,https://lucknow-massage-spa.github.io/women-therapist-near-me/area-services/kamta-full-body-relaxation-massage.html,2999,Kamta,Full Body Relaxation Massage,Embedded inside HTML,Embedded inside HTML
Area,"Women Therapist Near Me in Kamta, Lucknow",areas/kamta-home-massage.html,https://lucknow-massage-spa.github.io/women-therapist-near-me/areas/kamta-home-massage.html,2345,Kamta,,Embedded inside HTML,Embedded inside HTML
Area+Service,"Period Pain Relief Massage in Kamta, Lucknow",area-services/kamta-period-pain-relief-massage.html,https://lucknow-massage-spa.github.io/women-therapist-near-me/area-services/kamta-period-pain-relief-massage.html,3019,Kamta,Period Pain Relief Massage,Embedded inside HTML,Embedded inside HTML
Area+Service,"Back Pain Relief Massage in Kanpur Road, Lucknow",area-services/kanpur-road-back-pain-relief-massage.html,https://lucknow-massage-spa.github.io/women-therapist-near-me/area-services/kanpur-road-back-pain-relief-massage.html,3072,Kanpur Road,Back Pain Relief Massage,Embedded inside HTML,Embedded inside HTML
Area+Service,"Full Body Relaxation Massage in Kanpur Road, Lucknow",area-services/kanpur-road-full-body-relaxation-massage.html,https://lucknow-massage-spa.github.io/women-therapist-near-me/area-services/kanpur-road-full-body-relaxation-massage.html,3049,Kanpur Road,Full Body Relaxation Massage,Embedded inside HTML,Embedded inside HTML
Area,"Women Therapist Near Me in Kanpur Road, Lucknow",areas/kanpur-road-home-massage.html,https://lucknow-massage-spa.github.io/women-therapist-near-me/areas/kanpur-road-home-massage.html,2412,Kanpur Road,,Embedded inside HTML,Embedded inside HTML
Area+Service,"Period Pain Relief Massage in Kanpur Road, Lucknow",area-services/kanpur-road-period-pain-relief-massage.html,https://lucknow-massage-spa.github.io/women-therapist-near-me/area-services/kanpur-road-period-pain-relief-massage.html,3063,Kanpur Road,Period Pain Relief Massage,Embedded inside HTML,Embedded inside HTML
Area+Service,"Back Pain Relief Massage in Kapoorthala, Lucknow",area-services/kapoorthala-back-pain-relief-massage.html,https://lucknow-massage-spa.github.io/women-therapist-near-me/area-services/kapoorthala-back-pain-relief-massage.html,3020,Kapoorthala,Back Pain Relief Massage,Embedded inside HTML,Embedded inside HTML
Area+Service,"Full Body Relaxation Massage in Kapoorthala, Lucknow",area-services/kapoorthala-full-body-relaxation-massage.html,https://lucknow-massage-spa.github.io/women-therapist-near-me/area-services/kapoorthala-full-body-relaxation-massage.html,3000,Kapoorthala,Full Body Relaxation Massage,Embedded inside HTML,Embedded inside HTML
Area,"Women Therapist Near Me in Kapoorthala, Lucknow",areas/kapoorthala-home-massage.html,https://lucknow-massage-spa.github.io/women-therapist-near-me/areas/kapoorthala-home-massage.html,2344,Kapoorthala,,Embedded inside HTML,Embedded inside HTML
Area+Service,"Period Pain Relief Massage in Kapoorthala, Lucknow",area-services/kapoorthala-period-pain-relief-massage.html,https://lucknow-massage-spa.github.io/women-therapist-near-me/area-services/kapoorthala-period-pain-relief-massage.html,3010,Kapoorthala,Period Pain Relief Massage,Embedded inside HTML,Embedded inside HTML
Area+Service,"Back Pain Relief Massage in Khurram Nagar, Lucknow",area-services/khurram-nagar-back-pain-relief-massage.html,https://lucknow-massage-spa.github.io/women-therapist-near-me/area-services/khurram-nagar-back-pain-relief-massage.html,3069,Khurram Nagar,Back Pain Relief Massage,Embedded inside HTML,Embedded inside HTML
Area+Service,"Full Body Relaxation Massage in Khurram Nagar, Lucknow",area-services/khurram-nagar-full-body-relaxation-massage.html,https://lucknow-massage-spa.github.io/women-therapist-near-me/area-services/khurram-nagar-full-body-relaxation-massage.html,3055,Khurram Nagar,Full Body Relaxation Massage,Embedded inside HTML,Embedded inside HTML
Area,"Women Therapist Near Me in Khurram Nagar, Lucknow",areas/khurram-nagar-home-massage.html,https://lucknow-massage-spa.github.io/women-therapist-near-me/areas/khurram-nagar-home-massage.html,2394,Khurram Nagar,,Embedded inside HTML,Embedded inside HTML
Area+Service,"Period Pain Relief Massage in Khurram Nagar, Lucknow",area-services/khurram-nagar-period-pain-relief-massage.html,https://lucknow-massage-spa.github.io/women-therapist-near-me/area-services/khurram-nagar-period-pain-relief-massage.html,3070,Khurram Nagar,Period Pain Relief Massage,Embedded inside HTML,Embedded inside HTML
Area+Service,"Back Pain Relief Massage in Krishna Nagar, Lucknow",area-services/krishna-nagar-back-pain-relief-massage.html,https://lucknow-massage-spa.github.io/women-therapist-near-me/area-services/krishna-nagar-back-pain-relief-massage.html,3076,Krishna Nagar,Back Pain Relief Massage,Embedded inside HTML,Embedded inside HTML
Area+Service,"Full Body Relaxation Massage in Krishna Nagar, Lucknow",area-services/krishna-nagar-full-body-relaxation-massage.html,https://lucknow-massage-spa.github.io/women-therapist-near-me/area-services/krishna-nagar-full-body-relaxation-massage.html,3064,Krishna Nagar,Full Body Relaxation Massage,Embedded inside HTML,Embedded inside HTML
Area,"Women Therapist Near Me in Krishna Nagar, Lucknow",areas/krishna-nagar-home-massage.html,https://lucknow-massage-spa.github.io/women-therapist-near-me/areas/krishna-nagar-home-massage.html,2403,Krishna Nagar,,Embedded inside HTML,Embedded inside HTML
Area+Service,"Period Pain Relief Massage in Krishna Nagar, Lucknow",area-services/krishna-nagar-period-pain-relief-massage.html,https://lucknow-massage-spa.github.io/women-therapist-near-me/area-services/krishna-nagar-period-pain-relief-massage.html,3068,Krishna Nagar,Period Pain Relief Massage,Embedded inside HTML,Embedded inside HTML
Area+Service,"Back Pain Relief Massage in Kursi Road, Lucknow",area-services/kursi-road-back-pain-relief-massage.html,https://lucknow-massage-spa.github.io/women-therapist-near-me/area-services/kursi-road-back-pain-relief-massage.html,3081,Kursi Road,Back Pain Relief Massage,Embedded inside HTML,Embedded inside HTML
Area+Service,"Full Body Relaxation Massage in Kursi Road, Lucknow",area-services/kursi-road-full-body-relaxation-massage.html,https://lucknow-massage-spa.github.io/women-therapist-near-me/area-services/kursi-road-full-body-relaxation-massage.html,3053,Kursi Road,Full Body Relaxation Massage,Embedded inside HTML,Embedded inside HTML
Area,"Women Therapist Near Me in Kursi Road, Lucknow",areas/kursi-road-home-massage.html,https://lucknow-massage-spa.github.io/women-therapist-near-me/areas/kursi-road-home-massage.html,2415,Kursi Road,,Embedded inside HTML,Embedded inside HTML
Area+Service,"Period Pain Relief Massage in Kursi Road, Lucknow",area-services/kursi-road-period-pain-relief-massage.html,https://lucknow-massage-spa.github.io/women-therapist-near-me/area-services/kursi-road-period-pain-relief-massage.html,3078,Kursi Road,Period Pain Relief Massage,Embedded inside HTML,Embedded inside HTML
Area+Service,"Back Pain Relief Massage in Lalbagh, Lucknow",area-services/lalbagh-back-pain-relief-massage.html,https://lucknow-massage-spa.github.io/women-therapist-near-me/area-services/lalbagh-back-pain-relief-massage.html,2996,Lalbagh,Back Pain Relief Massage,Embedded inside HTML,Embedded inside HTML
Area+Service,"Full Body Relaxation Massage in Lalbagh, Lucknow",area-services/lalbagh-full-body-relaxation-massage.html,https://lucknow-massage-spa.github.io/women-therapist-near-me/area-services/lalbagh-full-body-relaxation-massage.html,2983,Lalbagh,Full Body Relaxation Massage,Embedded inside HTML,Embedded inside HTML
Area,"Women Therapist Near Me in Lalbagh, Lucknow",areas/lalbagh-home-massage.html,https://lucknow-massage-spa.github.io/women-therapist-near-me/areas/lalbagh-home-massage.html,2338,Lalbagh,,Embedded inside HTML,Embedded inside HTML
Area+Service,"Period Pain Relief Massage in Lalbagh, Lucknow",area-services/lalbagh-period-pain-relief-massage.html,https://lucknow-massage-spa.github.io/women-therapist-near-me/area-services/lalbagh-period-pain-relief-massage.html,3010,Lalbagh,Period Pain Relief Massage,Embedded inside HTML,Embedded inside HTML
Area+Service,"Back Pain Relief Massage in LDA Colony, Lucknow",area-services/lda-colony-back-pain-relief-massage.html,https://lucknow-massage-spa.github.io/women-therapist-near-me/area-services/lda-colony-back-pain-relief-massage.html,3065,LDA Colony,Back Pain Relief Massage,Embedded inside HTML,Embedded inside HTML
Area+Service,"Full Body Relaxation Massage in LDA Colony, Lucknow",area-services/lda-colony-full-body-relaxation-massage.html,https://lucknow-massage-spa.github.io/women-therapist-near-me/area-services/lda-colony-full-body-relaxation-massage.html,3067,LDA Colony,Full Body Relaxation Massage,Embedded inside HTML,Embedded inside HTML
Area,"Women Therapist Near Me in LDA Colony, Lucknow",areas/lda-colony-home-massage.html,https://lucknow-massage-spa.github.io/women-therapist-near-me/areas/lda-colony-home-massage.html,2403,LDA Colony,,Embedded inside HTML,Embedded inside HTML
Area+Service,"Period Pain Relief Massage in LDA Colony, Lucknow",area-services/lda-colony-period-pain-relief-massage.html,https://lucknow-massage-spa.github.io/women-therapist-near-me/area-services/lda-colony-period-pain-relief-massage.html,3064,LDA Colony,Period Pain Relief Massage,Embedded inside HTML,Embedded inside HTML
Service,Leg Pain Therapy,services/leg-pain-therapy.html,https://lucknow-massage-spa.github.io/women-therapist-near-me/services/leg-pain-therapy.html,2120,,Leg Pain Therapy,Embedded inside HTML,Embedded inside HTML
Area+Service,"Back Pain Relief Massage in Madiyanva, Lucknow",area-services/madiyanva-back-pain-relief-massage.html,https://lucknow-massage-spa.github.io/women-therapist-near-me/area-services/madiyanva-back-pain-relief-massage.html,3013,Madiyanva,Back Pain Relief Massage,Embedded inside HTML,Embedded inside HTML
Area+Service,"Full Body Relaxation Massage in Madiyanva, Lucknow",area-services/madiyanva-full-body-relaxation-massage.html,https://lucknow-massage-spa.github.io/women-therapist-near-me/area-services/madiyanva-full-body-relaxation-massage.html,3000,Madiyanva,Full Body Relaxation Massage,Embedded inside HTML,Embedded inside HTML
Area,"Women Therapist Near Me in Madiyanva, Lucknow",areas/madiyanva-home-massage.html,https://lucknow-massage-spa.github.io/women-therapist-near-me/areas/madiyanva-home-massage.html,2350,Madiyanva,,Embedded inside HTML,Embedded inside HTML
Area+Service,"Period Pain Relief Massage in Madiyanva, Lucknow",area-services/madiyanva-period-pain-relief-massage.html,https://lucknow-massage-spa.github.io/women-therapist-near-me/area-services/madiyanva-period-pain-relief-massage.html,3001,Madiyanva,Period Pain Relief Massage,Embedded inside HTML,Embedded inside HTML
Area+Service,"Back Pain Relief Massage in Mahanagar, Lucknow",area-services/mahanagar-back-pain-relief-massage.html,https://lucknow-massage-spa.github.io/women-therapist-near-me/area-services/mahanagar-back-pain-relief-massage.html,3029,Mahanagar,Back Pain Relief Massage,Embedded inside HTML,Embedded inside HTML
Area+Service,"Full Body Relaxation Massage in Mahanagar, Lucknow",area-services/mahanagar-full-body-relaxation-massage.html,https://lucknow-massage-spa.github.io/women-therapist-near-me/area-services/mahanagar-full-body-relaxation-massage.html,3009,Mahanagar,Full Body Relaxation Massage,Embedded inside HTML,Embedded inside HTML
Area,"Women Therapist Near Me in Mahanagar, Lucknow",areas/mahanagar-home-massage.html,https://lucknow-massage-spa.github.io/women-therapist-near-me/areas/mahanagar-home-massage.html,2334,Mahanagar,,Embedded inside HTML,Embedded inside HTML
Area+Service,"Period Pain Relief Massage in Mahanagar, Lucknow",area-services/mahanagar-period-pain-relief-massage.html,https://lucknow-massage-spa.github.io/women-therapist-near-me/area-services/mahanagar-period-pain-relief-massage.html,3016,Mahanagar,Period Pain Relief Massage,Embedded inside HTML,Embedded inside HTML
Area+Service,"Back Pain Relief Massage in Malihabad, Lucknow",area-services/malihabad-back-pain-relief-massage.html,https://lucknow-massage-spa.github.io/women-therapist-near-me/area-services/malihabad-back-pain-relief-massage.html,3028,Malihabad,Back Pain Relief Massage,Embedded inside HTML,Embedded inside HTML
Area+Service,"Full Body Relaxation Massage in Malihabad, Lucknow",area-services/malihabad-full-body-relaxation-massage.html,https://lucknow-massage-spa.github.io/women-therapist-near-me/area-services/malihabad-full-body-relaxation-massage.html,2999,Malihabad,Full Body Relaxation Massage,Embedded inside HTML,Embedded inside HTML
Area,"Women Therapist Near Me in Malihabad, Lucknow",areas/malihabad-home-massage.html,https://lucknow-massage-spa.github.io/women-therapist-near-me/areas/malihabad-home-massage.html,2320,Malihabad,,Embedded inside HTML,Embedded inside HTML
Area+Service,"Period Pain Relief Massage in Malihabad, Lucknow",area-services/malihabad-period-pain-relief-massage.html,https://lucknow-massage-spa.github.io/women-therapist-near-me/area-services/malihabad-period-pain-relief-massage.html,3022,Malihabad,Period Pain Relief Massage,Embedded inside HTML,Embedded inside HTML
Area+Service,"Back Pain Relief Massage in Manas Nagar, Lucknow",area-services/manas-nagar-back-pain-relief-massage.html,https://lucknow-massage-spa.github.io/women-therapist-near-me/area-services/manas-nagar-back-pain-relief-massage.html,3082,Manas Nagar,Back Pain Relief Massage,Embedded inside HTML,Embedded inside HTML
Area+Service,"Full Body Relaxation Massage in Manas Nagar, Lucknow",area-services/manas-nagar-full-body-relaxation-massage.html,https://lucknow-massage-spa.github.io/women-therapist-near-me/area-services/manas-nagar-full-body-relaxation-massage.html,3064,Manas Nagar,Full Body Relaxation Massage,Embedded inside HTML,Embedded inside HTML
Area,"Women Therapist Near Me in Manas Nagar, Lucknow",areas/manas-nagar-home-massage.html,https://lucknow-massage-spa.github.io/women-therapist-near-me/areas/manas-nagar-home-massage.html,2395,Manas Nagar,,Embedded inside HTML,Embedded inside HTML
Area+Service,"Period Pain Relief Massage in Manas Nagar, Lucknow",area-services/manas-nagar-period-pain-relief-massage.html,https://lucknow-massage-spa.github.io/women-therapist-near-me/area-services/manas-nagar-period-pain-relief-massage.html,3056,Manas Nagar,Period Pain Relief Massage,Embedded inside HTML,Embedded inside HTML
Area+Service,"Back Pain Relief Massage in Matiyari, Lucknow",area-services/matiyari-back-pain-relief-massage.html,https://lucknow-massage-spa.github.io/women-therapist-near-me/area-services/matiyari-back-pain-relief-massage.html,3002,Matiyari,Back Pain Relief Massage,Embedded inside HTML,Embedded inside HTML
Area+Service,"Full Body Relaxation Massage in Matiyari, Lucknow",area-services/matiyari-full-body-relaxation-massage.html,https://lucknow-massage-spa.github.io/women-therapist-near-me/area-services/matiyari-full-body-relaxation-massage.html,2988,Matiyari,Full Body Relaxation Massage,Embedded inside HTML,Embedded inside HTML
Area,"Women Therapist Near Me in Matiyari, Lucknow",areas/matiyari-home-massage.html,https://lucknow-massage-spa.github.io/women-therapist-near-me/areas/matiyari-home-massage.html,2340,Matiyari,,Embedded inside HTML,Embedded inside HTML
Area+Service,"Period Pain Relief Massage in Matiyari, Lucknow",area-services/matiyari-period-pain-relief-massage.html,https://lucknow-massage-spa.github.io/women-therapist-near-me/area-services/matiyari-period-pain-relief-massage.html,3023,Matiyari,Period Pain Relief Massage,Embedded inside HTML,Embedded inside HTML
Area+Service,"Back Pain Relief Massage in Mohanlalganj, Lucknow",area-services/mohanlalganj-back-pain-relief-massage.html,https://lucknow-massage-spa.github.io/women-therapist-near-me/area-services/mohanlalganj-back-pain-relief-massage.html,3032,Mohanlalganj,Back Pain Relief Massage,Embedded inside HTML,Embedded inside HTML
Area+Service,"Full Body Relaxation Massage in Mohanlalganj, Lucknow",area-services/mohanlalganj-full-body-relaxation-massage.html,https://lucknow-massage-spa.github.io/women-therapist-near-me/area-services/mohanlalganj-full-body-relaxation-massage.html,3008,Mohanlalganj,Full Body Relaxation Massage,Embedded inside HTML,Embedded inside HTML
Area,"Women Therapist Near Me in Mohanlalganj, Lucknow",areas/mohanlalganj-home-massage.html,https://lucknow-massage-spa.github.io/women-therapist-near-me/areas/mohanlalganj-home-massage.html,2340,Mohanlalganj,,Embedded inside HTML,Embedded inside HTML
Area+Service,"Period Pain Relief Massage in Mohanlalganj, Lucknow",area-services/mohanlalganj-period-pain-relief-massage.html,https://lucknow-massage-spa.github.io/women-therapist-near-me/area-services/mohanlalganj-period-pain-relief-massage.html,3011,Mohanlalganj,Period Pain Relief Massage,Embedded inside HTML,Embedded inside HTML
Service,Monthly Care Plan,services/monthly-care-plan.html,https://lucknow-massage-spa.github.io/women-therapist-near-me/services/monthly-care-plan.html,2102,,Monthly Care Plan,Embedded inside HTML,Embedded inside HTML
Service,Muscle Relaxation Therapy,services/muscle-relaxation-therapy.html,https://lucknow-massage-spa.github.io/women-therapist-near-me/services/muscle-relaxation-therapy.html,2088,,Muscle Relaxation Therapy,Embedded inside HTML,Embedded inside HTML
Area+Service,"Back Pain Relief Massage in Naka Hindola, Lucknow",area-services/naka-hindola-back-pain-relief-massage.html,https://lucknow-massage-spa.github.io/women-therapist-near-me/area-services/naka-hindola-back-pain-relief-massage.html,3095,Naka Hindola,Back Pain Relief Massage,Embedded inside HTML,Embedded inside HTML
Area+Service,"Full Body Relaxation Massage in Naka Hindola, Lucknow",area-services/naka-hindola-full-body-relaxation-massage.html,https://lucknow-massage-spa.github.io/women-therapist-near-me/area-services/naka-hindola-full-body-relaxation-massage.html,3074,Naka Hindola,Full Body Relaxation Massage,Embedded inside HTML,Embedded inside HTML
Area,"Women Therapist Near Me in Naka Hindola, Lucknow",areas/naka-hindola-home-massage.html,https://lucknow-massage-spa.github.io/women-therapist-near-me/areas/naka-hindola-home-massage.html,2394,Naka Hindola,,Embedded inside HTML,Embedded inside HTML
Area+Service,"Period Pain Relief Massage in Naka Hindola, Lucknow",area-services/naka-hindola-period-pain-relief-massage.html,https://lucknow-massage-spa.github.io/women-therapist-near-me/area-services/naka-hindola-period-pain-relief-massage.html,3083,Naka Hindola,Period Pain Relief Massage,Embedded inside HTML,Embedded inside HTML
Area+Service,"Back Pain Relief Massage in New Hyderabad, Lucknow",area-services/new-hyderabad-back-pain-relief-massage.html,https://lucknow-massage-spa.github.io/women-therapist-near-me/area-services/new-hyderabad-back-pain-relief-massage.html,3065,New Hyderabad,Back Pain Relief Massage,Embedded inside HTML,Embedded inside HTML
Area+Service,"Full Body Relaxation Massage in New Hyderabad, Lucknow",area-services/new-hyderabad-full-body-relaxation-massage.html,https://lucknow-massage-spa.github.io/women-therapist-near-me/area-services/new-hyderabad-full-body-relaxation-massage.html,3074,New Hyderabad,Full Body Relaxation Massage,Embedded inside HTML,Embedded inside HTML
Area,"Women Therapist Near Me in New Hyderabad, Lucknow",areas/new-hyderabad-home-massage.html,https://lucknow-massage-spa.github.io/women-therapist-near-me/areas/new-hyderabad-home-massage.html,2401,New Hyderabad,,Embedded inside HTML,Embedded inside HTML
Area+Service,"Period Pain Relief Massage in New Hyderabad, Lucknow",area-services/new-hyderabad-period-pain-relief-massage.html,https://lucknow-massage-spa.github.io/women-therapist-near-me/area-services/new-hyderabad-period-pain-relief-massage.html,3085,New Hyderabad,Period Pain Relief Massage,Embedded inside HTML,Embedded inside HTML
Area+Service,"Back Pain Relief Massage in Nilmatha, Lucknow",area-services/nilmatha-back-pain-relief-massage.html,https://lucknow-massage-spa.github.io/women-therapist-near-me/area-services/nilmatha-back-pain-relief-massage.html,3025,Nilmatha,Back Pain Relief Massage,Embedded inside HTML,Embedded inside HTML
Area+Service,"Full Body Relaxation Massage in Nilmatha, Lucknow",area-services/nilmatha-full-body-relaxation-massage.html,https://lucknow-massage-spa.github.io/women-therapist-near-me/area-services/nilmatha-full-body-relaxation-massage.html,3017,Nilmatha,Full Body Relaxation Massage,Embedded inside HTML,Embedded inside HTML
Area,"Women Therapist Near Me in Nilmatha, Lucknow",areas/nilmatha-home-massage.html,https://lucknow-massage-spa.github.io/women-therapist-near-me/areas/nilmatha-home-massage.html,2328,Nilmatha,,Embedded inside HTML,Embedded inside HTML
Area+Service,"Period Pain Relief Massage in Nilmatha, Lucknow",area-services/nilmatha-period-pain-relief-massage.html,https://lucknow-massage-spa.github.io/women-therapist-near-me/area-services/nilmatha-period-pain-relief-massage.html,3012,Nilmatha,Period Pain Relief Massage,Embedded inside HTML,Embedded inside HTML
Area+Service,"Back Pain Relief Massage in Nirala Nagar, Lucknow",area-services/nirala-nagar-back-pain-relief-massage.html,https://lucknow-massage-spa.github.io/women-therapist-near-me/area-services/nirala-nagar-back-pain-relief-massage.html,3067,Nirala Nagar,Back Pain Relief Massage,Embedded inside HTML,Embedded inside HTML
Area+Service,"Full Body Relaxation Massage in Nirala Nagar, Lucknow",area-services/nirala-nagar-full-body-relaxation-massage.html,https://lucknow-massage-spa.github.io/women-therapist-near-me/area-services/nirala-nagar-full-body-relaxation-massage.html,3054,Nirala Nagar,Full Body Relaxation Massage,Embedded inside HTML,Embedded inside HTML
Area,"Women Therapist Near Me in Nirala Nagar, Lucknow",areas/nirala-nagar-home-massage.html,https://lucknow-massage-spa.github.io/women-therapist-near-me/areas/nirala-nagar-home-massage.html,2399,Nirala Nagar,,Embedded inside HTML,Embedded inside HTML
Area+Service,"Period Pain Relief Massage in Nirala Nagar, Lucknow",area-services/nirala-nagar-period-pain-relief-massage.html,https://lucknow-massage-spa.github.io/women-therapist-near-me/area-services/nirala-nagar-period-pain-relief-massage.html,3077,Nirala Nagar,Period Pain Relief Massage,Embedded inside HTML,Embedded inside HTML
Area+Service,"Back Pain Relief Massage in Nishatganj, Lucknow",area-services/nishatganj-back-pain-relief-massage.html,https://lucknow-massage-spa.github.io/women-therapist-near-me/area-services/nishatganj-back-pain-relief-massage.html,3007,Nishatganj,Back Pain Relief Massage,Embedded inside HTML,Embedded inside HTML
Area+Service,"Full Body Relaxation Massage in Nishatganj, Lucknow",area-services/nishatganj-full-body-relaxation-massage.html,https://lucknow-massage-spa.github.io/women-therapist-near-me/area-services/nishatganj-full-body-relaxation-massage.html,2995,Nishatganj,Full Body Relaxation Massage,Embedded inside HTML,Embedded inside HTML
Area,"Women Therapist Near Me in Nishatganj, Lucknow",areas/nishatganj-home-massage.html,https://lucknow-massage-spa.github.io/women-therapist-near-me/areas/nishatganj-home-massage.html,2350,Nishatganj,,Embedded inside HTML,Embedded inside HTML
Area+Service,"Period Pain Relief Massage in Nishatganj, Lucknow",area-services/nishatganj-period-pain-relief-massage.html,https://lucknow-massage-spa.github.io/women-therapist-near-me/area-services/nishatganj-period-pain-relief-massage.html,3015,Nishatganj,Period Pain Relief Massage,Embedded inside HTML,Embedded inside HTML
Area+Service,"Back Pain Relief Massage in Omaxe City, Lucknow",area-services/omaxe-city-back-pain-relief-massage.html,https://lucknow-massage-spa.github.io/women-therapist-near-me/area-services/omaxe-city-back-pain-relief-massage.html,3079,Omaxe City,Back Pain Relief Massage,Embedded inside HTML,Embedded inside HTML
Area+Service,"Full Body Relaxation Massage in Omaxe City, Lucknow",area-services/omaxe-city-full-body-relaxation-massage.html,https://lucknow-massage-spa.github.io/women-therapist-near-me/area-services/omaxe-city-full-body-relaxation-massage.html,3058,Omaxe City,Full Body Relaxation Massage,Embedded inside HTML,Embedded inside HTML
Area,"Women Therapist Near Me in Omaxe City, Lucknow",areas/omaxe-city-home-massage.html,https://lucknow-massage-spa.github.io/women-therapist-near-me/areas/omaxe-city-home-massage.html,2404,Omaxe City,,Embedded inside HTML,Embedded inside HTML
Area+Service,"Period Pain Relief Massage in Omaxe City, Lucknow",area-services/omaxe-city-period-pain-relief-massage.html,https://lucknow-massage-spa.github.io/women-therapist-near-me/area-services/omaxe-city-period-pain-relief-massage.html,3070,Omaxe City,Period Pain Relief Massage,Embedded inside HTML,Embedded inside HTML
Area+Service,"Back Pain Relief Massage in Para, Lucknow",area-services/para-back-pain-relief-massage.html,https://lucknow-massage-spa.github.io/women-therapist-near-me/area-services/para-back-pain-relief-massage.html,3025,Para,Back Pain Relief Massage,Embedded inside HTML,Embedded inside HTML
Area+Service,"Full Body Relaxation Massage in Para, Lucknow",area-services/para-full-body-relaxation-massage.html,https://lucknow-massage-spa.github.io/women-therapist-near-me/area-services/para-full-body-relaxation-massage.html,2996,Para,Full Body Relaxation Massage,Embedded inside HTML,Embedded inside HTML
Area,"Women Therapist Near Me in Para, Lucknow",areas/para-home-massage.html,https://lucknow-massage-spa.github.io/women-therapist-near-me/areas/para-home-massage.html,2343,Para,,Embedded inside HTML,Embedded inside HTML
Area+Service,"Period Pain Relief Massage in Para, Lucknow",area-services/para-period-pain-relief-massage.html,https://lucknow-massage-spa.github.io/women-therapist-near-me/area-services/para-period-pain-relief-massage.html,3013,Para,Period Pain Relief Massage,Embedded inside HTML,Embedded inside HTML
Service,Period Pain Relief Massage,services/period-pain-relief-massage.html,https://lucknow-massage-spa.github.io/women-therapist-near-me/services/period-pain-relief-massage.html,2202,,Period Pain Relief Massage,Embedded inside HTML,Embedded inside HTML
Service,Postnatal Massage,services/postnatal-massage.html,https://lucknow-massage-spa.github.io/women-therapist-near-me/services/postnatal-massage.html,2083,,Postnatal Massage,Embedded inside HTML,Embedded inside HTML
Area+Service,"Back Pain Relief Massage in Preeti Nagar, Lucknow",area-services/preeti-nagar-back-pain-relief-massage.html,https://lucknow-massage-spa.github.io/women-therapist-near-me/area-services/preeti-nagar-back-pain-relief-massage.html,3072,Preeti Nagar,Back Pain Relief Massage,Embedded inside HTML,Embedded inside HTML
Area+Service,"Full Body Relaxation Massage in Preeti Nagar, Lucknow",area-services/preeti-nagar-full-body-relaxation-massage.html,https://lucknow-massage-spa.github.io/women-therapist-near-me/area-services/preeti-nagar-full-body-relaxation-massage.html,3048,Preeti Nagar,Full Body Relaxation Massage,Embedded inside HTML,Embedded inside HTML
Area,"Women Therapist Near Me in Preeti Nagar, Lucknow",areas/preeti-nagar-home-massage.html,https://lucknow-massage-spa.github.io/women-therapist-near-me/areas/preeti-nagar-home-massage.html,2416,Preeti Nagar,,Embedded inside HTML,Embedded inside HTML
Area+Service,"Period Pain Relief Massage in Preeti Nagar, Lucknow",area-services/preeti-nagar-period-pain-relief-massage.html,https://lucknow-massage-spa.github.io/women-therapist-near-me/area-services/preeti-nagar-period-pain-relief-massage.html,3082,Preeti Nagar,Period Pain Relief Massage,Embedded inside HTML,Embedded inside HTML
Service,Prenatal Massage,services/prenatal-massage.html,https://lucknow-massage-spa.github.io/women-therapist-near-me/services/prenatal-massage.html,2075,,Prenatal Massage,Embedded inside HTML,Embedded inside HTML
Policy,Privacy Policy,legal/privacy-policy.html,https://lucknow-massage-spa.github.io/women-therapist-near-me/legal/privacy-policy.html,869,,,Embedded inside HTML,Embedded inside HTML
Area+Service,"Back Pain Relief Massage in Qaiserbagh, Lucknow",area-services/qaiserbagh-back-pain-relief-massage.html,https://lucknow-massage-spa.github.io/women-therapist-near-me/area-services/qaiserbagh-back-pain-relief-massage.html,3028,Qaiserbagh,Back Pain Relief Massage,Embedded inside HTML,Embedded inside HTML
Area+Service,"Full Body Relaxation Massage in Qaiserbagh, Lucknow",area-services/qaiserbagh-full-body-relaxation-massage.html,https://lucknow-massage-spa.github.io/women-therapist-near-me/area-services/qaiserbagh-full-body-relaxation-massage.html,3002,Qaiserbagh,Full Body Relaxation Massage,Embedded inside HTML,Embedded inside HTML
Area,"Women Therapist Near Me in Qaiserbagh, Lucknow",areas/qaiserbagh-home-massage.html,https://lucknow-massage-spa.github.io/women-therapist-near-me/areas/qaiserbagh-home-massage.html,2344,Qaiserbagh,,Embedded inside HTML,Embedded inside HTML
Area+Service,"Period Pain Relief Massage in Qaiserbagh, Lucknow",area-services/qaiserbagh-period-pain-relief-massage.html,https://lucknow-massage-spa.github.io/women-therapist-near-me/area-services/qaiserbagh-period-pain-relief-massage.html,3020,Qaiserbagh,Period Pain Relief Massage,Embedded inside HTML,Embedded inside HTML
Area+Service,"Back Pain Relief Massage in Raebareli Road, Lucknow",area-services/raebareli-road-back-pain-relief-massage.html,https://lucknow-massage-spa.github.io/women-therapist-near-me/area-services/raebareli-road-back-pain-relief-massage.html,3088,Raebareli Road,Back Pain Relief Massage,Embedded inside HTML,Embedded inside HTML
Area+Service,"Full Body Relaxation Massage in Raebareli Road, Lucknow",area-services/raebareli-road-full-body-relaxation-massage.html,https://lucknow-massage-spa.github.io/women-therapist-near-me/area-services/raebareli-road-full-body-relaxation-massage.html,3058,Raebareli Road,Full Body Relaxation Massage,Embedded inside HTML,Embedded inside HTML
Area,"Women Therapist Near Me in Raebareli Road, Lucknow",areas/raebareli-road-home-massage.html,https://lucknow-massage-spa.github.io/women-therapist-near-me/areas/raebareli-road-home-massage.html,2398,Raebareli Road,,Embedded inside HTML,Embedded inside HTML
Area+Service,"Period Pain Relief Massage in Raebareli Road, Lucknow",area-services/raebareli-road-period-pain-relief-massage.html,https://lucknow-massage-spa.github.io/women-therapist-near-me/area-services/raebareli-road-period-pain-relief-massage.html,3085,Raebareli Road,Period Pain Relief Massage,Embedded inside HTML,Embedded inside HTML
Area+Service,"Back Pain Relief Massage in Rajajipuram, Lucknow",area-services/rajajipuram-back-pain-relief-massage.html,https://lucknow-massage-spa.github.io/women-therapist-near-me/area-services/rajajipuram-back-pain-relief-massage.html,3037,Rajajipuram,Back Pain Relief Massage,Embedded inside HTML,Embedded inside HTML
Area+Service,"Full Body Relaxation Massage in Rajajipuram, Lucknow",area-services/rajajipuram-full-body-relaxation-massage.html,https://lucknow-massage-spa.github.io/women-therapist-near-me/area-services/rajajipuram-full-body-relaxation-massage.html,3015,Rajajipuram,Full Body Relaxation Massage,Embedded inside HTML,Embedded inside HTML
Area,"Women Therapist Near Me in Rajajipuram, Lucknow",areas/rajajipuram-home-massage.html,https://lucknow-massage-spa.github.io/women-therapist-near-me/areas/rajajipuram-home-massage.html,2335,Rajajipuram,,Embedded inside HTML,Embedded inside HTML
Area+Service,"Period Pain Relief Massage in Rajajipuram, Lucknow",area-services/rajajipuram-period-pain-relief-massage.html,https://lucknow-massage-spa.github.io/women-therapist-near-me/area-services/rajajipuram-period-pain-relief-massage.html,3027,Rajajipuram,Period Pain Relief Massage,Embedded inside HTML,Embedded inside HTML
Area+Service,"Back Pain Relief Massage in Rajendra Nagar, Lucknow",area-services/rajendra-nagar-back-pain-relief-massage.html,https://lucknow-massage-spa.github.io/women-therapist-near-me/area-services/rajendra-nagar-back-pain-relief-massage.html,3076,Rajendra Nagar,Back Pain Relief Massage,Embedded inside HTML,Embedded inside HTML
Area+Service,"Full Body Relaxation Massage in Rajendra Nagar, Lucknow",area-services/rajendra-nagar-full-body-relaxation-massage.html,https://lucknow-massage-spa.github.io/women-therapist-near-me/area-services/rajendra-nagar-full-body-relaxation-massage.html,3060,Rajendra Nagar,Full Body Relaxation Massage,Embedded inside HTML,Embedded inside HTML
Area,"Women Therapist Near Me in Rajendra Nagar, Lucknow",areas/rajendra-nagar-home-massage.html,https://lucknow-massage-spa.github.io/women-therapist-near-me/areas/rajendra-nagar-home-massage.html,2402,Rajendra Nagar,,Embedded inside HTML,Embedded inside HTML
Area+Service,"Period Pain Relief Massage in Rajendra Nagar, Lucknow",area-services/rajendra-nagar-period-pain-relief-massage.html,https://lucknow-massage-spa.github.io/women-therapist-near-me/area-services/rajendra-nagar-period-pain-relief-massage.html,3069,Rajendra Nagar,Period Pain Relief Massage,Embedded inside HTML,Embedded inside HTML
Area+Service,"Back Pain Relief Massage in Rakabganj, Lucknow",area-services/rakabganj-back-pain-relief-massage.html,https://lucknow-massage-spa.github.io/women-therapist-near-me/area-services/rakabganj-back-pain-relief-massage.html,3016,Rakabganj,Back Pain Relief Massage,Embedded inside HTML,Embedded inside HTML
Area+Service,"Full Body Relaxation Massage in Rakabganj, Lucknow",area-services/rakabganj-full-body-relaxation-massage.html,https://lucknow-massage-spa.github.io/women-therapist-near-me/area-services/rakabganj-full-body-relaxation-massage.html,3017,Rakabganj,Full Body Relaxation Massage,Embedded inside HTML,Embedded inside HTML
Area,"Women Therapist Near Me in Rakabganj, Lucknow",areas/rakabganj-home-massage.html,https://lucknow-massage-spa.github.io/women-therapist-near-me/areas/rakabganj-home-massage.html,2351,Rakabganj,,Embedded inside HTML,Embedded inside HTML
Area+Service,"Period Pain Relief Massage in Rakabganj, Lucknow",area-services/rakabganj-period-pain-relief-massage.html,https://lucknow-massage-spa.github.io/women-therapist-near-me/area-services/rakabganj-period-pain-relief-massage.html,3017,Rakabganj,Period Pain Relief Massage,Embedded inside HTML,Embedded inside HTML
Area+Service,"Back Pain Relief Massage in Saadatganj, Lucknow",area-services/saadatganj-back-pain-relief-massage.html,https://lucknow-massage-spa.github.io/women-therapist-near-me/area-services/saadatganj-back-pain-relief-massage.html,3010,Saadatganj,Back Pain Relief Massage,Embedded inside HTML,Embedded inside HTML
Area+Service,"Full Body Relaxation Massage in Saadatganj, Lucknow",area-services/saadatganj-full-body-relaxation-massage.html,https://lucknow-massage-spa.github.io/women-therapist-near-me/area-services/saadatganj-full-body-relaxation-massage.html,3005,Saadatganj,Full Body Relaxation Massage,Embedded inside HTML,Embedded inside HTML
Area,"Women Therapist Near Me in Saadatganj, Lucknow",areas/saadatganj-home-massage.html,https://lucknow-massage-spa.github.io/women-therapist-near-me/areas/saadatganj-home-massage.html,2328,Saadatganj,,Embedded inside HTML,Embedded inside HTML
Area+Service,"Period Pain Relief Massage in Saadatganj, Lucknow",area-services/saadatganj-period-pain-relief-massage.html,https://lucknow-massage-spa.github.io/women-therapist-near-me/area-services/saadatganj-period-pain-relief-massage.html,3027,Saadatganj,Period Pain Relief Massage,Embedded inside HTML,Embedded inside HTML
Area+Service,"Back Pain Relief Massage in Sarfarazganj, Lucknow",area-services/sarfarazganj-back-pain-relief-massage.html,https://lucknow-massage-spa.github.io/women-therapist-near-me/area-services/sarfarazganj-back-pain-relief-massage.html,3018,Sarfarazganj,Back Pain Relief Massage,Embedded inside HTML,Embedded inside HTML
Area+Service,"Full Body Relaxation Massage in Sarfarazganj, Lucknow",area-services/sarfarazganj-full-body-relaxation-massage.html,https://lucknow-massage-spa.github.io/women-therapist-near-me/area-services/sarfarazganj-full-body-relaxation-massage.html,3017,Sarfarazganj,Full Body Relaxation Massage,Embedded inside HTML,Embedded inside HTML
Area,"Women Therapist Near Me in Sarfarazganj, Lucknow",areas/sarfarazganj-home-massage.html,https://lucknow-massage-spa.github.io/women-therapist-near-me/areas/sarfarazganj-home-massage.html,2331,Sarfarazganj,,Embedded inside HTML,Embedded inside HTML
Area+Service,"Period Pain Relief Massage in Sarfarazganj, Lucknow",area-services/sarfarazganj-period-pain-relief-massage.html,https://lucknow-massage-spa.github.io/women-therapist-near-me/area-services/sarfarazganj-period-pain-relief-massage.html,3030,Sarfarazganj,Period Pain Relief Massage,Embedded inside HTML,Embedded inside HTML
Area+Service,"Back Pain Relief Massage in Sarojini Nagar, Lucknow",area-services/sarojini-nagar-back-pain-relief-massage.html,https://lucknow-massage-spa.github.io/women-therapist-near-me/area-services/sarojini-nagar-back-pain-relief-massage.html,3064,Sarojini Nagar,Back Pain Relief Massage,Embedded inside HTML,Embedded inside HTML
Area+Service,"Full Body Relaxation Massage in Sarojini Nagar, Lucknow",area-services/sarojini-nagar-full-body-relaxation-massage.html,https://lucknow-massage-spa.github.io/women-therapist-near-me/area-services/sarojini-nagar-full-body-relaxation-massage.html,3055,Sarojini Nagar,Full Body Relaxation Massage,Embedded inside HTML,Embedded inside HTML
Area,"Women Therapist Near Me in Sarojini Nagar, Lucknow",areas/sarojini-nagar-home-massage.html,https://lucknow-massage-spa.github.io/women-therapist-near-me/areas/sarojini-nagar-home-massage.html,2399,Sarojini Nagar,,Embedded inside HTML,Embedded inside HTML
Area+Service,"Period Pain Relief Massage in Sarojini Nagar, Lucknow",area-services/sarojini-nagar-period-pain-relief-massage.html,https://lucknow-massage-spa.github.io/women-therapist-near-me/area-services/sarojini-nagar-period-pain-relief-massage.html,3086,Sarojini Nagar,Period Pain Relief Massage,Embedded inside HTML,Embedded inside HTML
Service,Senior Citizen Massage Therapy,services/senior-citizen-massage-therapy.html,https://lucknow-massage-spa.github.io/women-therapist-near-me/services/senior-citizen-massage-therapy.html,2130,,Senior Citizen Massage Therapy,Embedded inside HTML,Embedded inside HTML
Services Hub,All Women-Focused Wellness Services in Lucknow,services/index.html,https://lucknow-massage-spa.github.io/women-therapist-near-me/services/,647,,,Embedded inside HTML,Embedded inside HTML
Area+Service,"Back Pain Relief Massage in Shaheed Path, Lucknow",area-services/shaheed-path-back-pain-relief-massage.html,https://lucknow-massage-spa.github.io/women-therapist-near-me/area-services/shaheed-path-back-pain-relief-massage.html,3071,Shaheed Path,Back Pain Relief Massage,Embedded inside HTML,Embedded inside HTML
Area+Service,"Full Body Relaxation Massage in Shaheed Path, Lucknow",area-services/shaheed-path-full-body-relaxation-massage.html,https://lucknow-massage-spa.github.io/women-therapist-near-me/area-services/shaheed-path-full-body-relaxation-massage.html,3063,Shaheed Path,Full Body Relaxation Massage,Embedded inside HTML,Embedded inside HTML
Area,"Women Therapist Near Me in Shaheed Path, Lucknow",areas/shaheed-path-home-massage.html,https://lucknow-massage-spa.github.io/women-therapist-near-me/areas/shaheed-path-home-massage.html,2402,Shaheed Path,,Embedded inside HTML,Embedded inside HTML
Area+Service,"Period Pain Relief Massage in Shaheed Path, Lucknow",area-services/shaheed-path-period-pain-relief-massage.html,https://lucknow-massage-spa.github.io/women-therapist-near-me/area-services/shaheed-path-period-pain-relief-massage.html,3076,Shaheed Path,Period Pain Relief Massage,Embedded inside HTML,Embedded inside HTML
Area+Service,"Back Pain Relief Massage in Sharda Nagar, Lucknow",area-services/sharda-nagar-back-pain-relief-massage.html,https://lucknow-massage-spa.github.io/women-therapist-near-me/area-services/sharda-nagar-back-pain-relief-massage.html,3092,Sharda Nagar,Back Pain Relief Massage,Embedded inside HTML,Embedded inside HTML
Area+Service,"Full Body Relaxation Massage in Sharda Nagar, Lucknow",area-services/sharda-nagar-full-body-relaxation-massage.html,https://lucknow-massage-spa.github.io/women-therapist-near-me/area-services/sharda-nagar-full-body-relaxation-massage.html,3071,Sharda Nagar,Full Body Relaxation Massage,Embedded inside HTML,Embedded inside HTML
Area,"Women Therapist Near Me in Sharda Nagar, Lucknow",areas/sharda-nagar-home-massage.html,https://lucknow-massage-spa.github.io/women-therapist-near-me/areas/sharda-nagar-home-massage.html,2411,Sharda Nagar,,Embedded inside HTML,Embedded inside HTML
Area+Service,"Period Pain Relief Massage in Sharda Nagar, Lucknow",area-services/sharda-nagar-period-pain-relief-massage.html,https://lucknow-massage-spa.github.io/women-therapist-near-me/area-services/sharda-nagar-period-pain-relief-massage.html,3083,Sharda Nagar,Period Pain Relief Massage,Embedded inside HTML,Embedded inside HTML
Area+Service,"Back Pain Relief Massage in Shivaji Puram, Lucknow",area-services/shivaji-puram-back-pain-relief-massage.html,https://lucknow-massage-spa.github.io/women-therapist-near-me/area-services/shivaji-puram-back-pain-relief-massage.html,3064,Shivaji Puram,Back Pain Relief Massage,Embedded inside HTML,Embedded inside HTML
Area+Service,"Full Body Relaxation Massage in Shivaji Puram, Lucknow",area-services/shivaji-puram-full-body-relaxation-massage.html,https://lucknow-massage-spa.github.io/women-therapist-near-me/area-services/shivaji-puram-full-body-relaxation-massage.html,3072,Shivaji Puram,Full Body Relaxation Massage,Embedded inside HTML,Embedded inside HTML
Area,"Women Therapist Near Me in Shivaji Puram, Lucknow",areas/shivaji-puram-home-massage.html,https://lucknow-massage-spa.github.io/women-therapist-near-me/areas/shivaji-puram-home-massage.html,2401,Shivaji Puram,,Embedded inside HTML,Embedded inside HTML
Area+Service,"Period Pain Relief Massage in Shivaji Puram, Lucknow",area-services/shivaji-puram-period-pain-relief-massage.html,https://lucknow-massage-spa.github.io/women-therapist-near-me/area-services/shivaji-puram-period-pain-relief-massage.html,3080,Shivaji Puram,Period Pain Relief Massage,Embedded inside HTML,Embedded inside HTML
Service,Shoulder & Neck Pain Massage,services/shoulder-and-neck-pain-massage.html,https://lucknow-massage-spa.github.io/women-therapist-near-me/services/shoulder-and-neck-pain-massage.html,2170,,Shoulder & Neck Pain Massage,Embedded inside HTML,Embedded inside HTML
Area+Service,"Back Pain Relief Massage in Sitapur Road, Lucknow",area-services/sitapur-road-back-pain-relief-massage.html,https://lucknow-massage-spa.github.io/women-therapist-near-me/area-services/sitapur-road-back-pain-relief-massage.html,3082,Sitapur Road,Back Pain Relief Massage,Embedded inside HTML,Embedded inside HTML
Area+Service,"Full Body Relaxation Massage in Sitapur Road, Lucknow",area-services/sitapur-road-full-body-relaxation-massage.html,https://lucknow-massage-spa.github.io/women-therapist-near-me/area-services/sitapur-road-full-body-relaxation-massage.html,3055,Sitapur Road,Full Body Relaxation Massage,Embedded inside HTML,Embedded inside HTML
Area,"Women Therapist Near Me in Sitapur Road, Lucknow",areas/sitapur-road-home-massage.html,https://lucknow-massage-spa.github.io/women-therapist-near-me/areas/sitapur-road-home-massage.html,2403,Sitapur Road,,Embedded inside HTML,Embedded inside HTML
Area+Service,"Period Pain Relief Massage in Sitapur Road, Lucknow",area-services/sitapur-road-period-pain-relief-massage.html,https://lucknow-massage-spa.github.io/women-therapist-near-me/area-services/sitapur-road-period-pain-relief-massage.html,3070,Sitapur Road,Period Pain Relief Massage,Embedded inside HTML,Embedded inside HTML
Area+Service,"Back Pain Relief Massage in South City, Lucknow",area-services/south-city-back-pain-relief-massage.html,https://lucknow-massage-spa.github.io/women-therapist-near-me/area-services/south-city-back-pain-relief-massage.html,3081,South City,Back Pain Relief Massage,Embedded inside HTML,Embedded inside HTML
Area+Service,"Full Body Relaxation Massage in South City, Lucknow",area-services/south-city-full-body-relaxation-massage.html,https://lucknow-massage-spa.github.io/women-therapist-near-me/area-services/south-city-full-body-relaxation-massage.html,3047,South City,Full Body Relaxation Massage,Embedded inside HTML,Embedded inside HTML
Area,"Women Therapist Near Me in South City, Lucknow",areas/south-city-home-massage.html,https://lucknow-massage-spa.github.io/women-therapist-near-me/areas/south-city-home-massage.html,2386,South City,,Embedded inside HTML,Embedded inside HTML
Area+Service,"Period Pain Relief Massage in South City, Lucknow",area-services/south-city-period-pain-relief-massage.html,https://lucknow-massage-spa.github.io/women-therapist-near-me/area-services/south-city-period-pain-relief-massage.html,3069,South City,Period Pain Relief Massage,Embedded inside HTML,Embedded inside HTML
Service,Spine Alignment Therapy,services/spine-alignment-therapy.html,https://lucknow-massage-spa.github.io/women-therapist-near-me/services/spine-alignment-therapy.html,2081,,Spine Alignment Therapy,Embedded inside HTML,Embedded inside HTML
Service,Sports Recovery Massage,services/sports-recovery-massage.html,https://lucknow-massage-spa.github.io/women-therapist-near-me/services/sports-recovery-massage.html,2114,,Sports Recovery Massage,Embedded inside HTML,Embedded inside HTML
Service,Stress & Mood Relief Therapy,services/stress-and-mood-relief-therapy.html,https://lucknow-massage-spa.github.io/women-therapist-near-me/services/stress-and-mood-relief-therapy.html,2185,,Stress & Mood Relief Therapy,Embedded inside HTML,Embedded inside HTML
Area+Service,"Back Pain Relief Massage in Sultanpur Road, Lucknow",area-services/sultanpur-road-back-pain-relief-massage.html,https://lucknow-massage-spa.github.io/women-therapist-near-me/area-services/sultanpur-road-back-pain-relief-massage.html,3089,Sultanpur Road,Back Pain Relief Massage,Embedded inside HTML,Embedded inside HTML
Area+Service,"Full Body Relaxation Massage in Sultanpur Road, Lucknow",area-services/sultanpur-road-full-body-relaxation-massage.html,https://lucknow-massage-spa.github.io/women-therapist-near-me/area-services/sultanpur-road-full-body-relaxation-massage.html,3052,Sultanpur Road,Full Body Relaxation Massage,Embedded inside HTML,Embedded inside HTML
Area,"Women Therapist Near Me in Sultanpur Road, Lucknow",areas/sultanpur-road-home-massage.html,https://lucknow-massage-spa.github.io/women-therapist-near-me/areas/sultanpur-road-home-massage.html,2400,Sultanpur Road,,Embedded inside HTML,Embedded inside HTML
Area+Service,"Period Pain Relief Massage in Sultanpur Road, Lucknow",area-services/sultanpur-road-period-pain-relief-massage.html,https://lucknow-massage-spa.github.io/women-therapist-near-me/area-services/sultanpur-road-period-pain-relief-massage.html,3086,Sultanpur Road,Period Pain Relief Massage,Embedded inside HTML,Embedded inside HTML
Area+Service,"Back Pain Relief Massage in Sushant Golf City, Lucknow",area-services/sushant-golf-city-back-pain-relief-massage.html,https://lucknow-massage-spa.github.io/women-therapist-near-me/area-services/sushant-golf-city-back-pain-relief-massage.html,3141,Sushant Golf City,Back Pain Relief Massage,Embedded inside HTML,Embedded inside HTML
Area+Service,"Full Body Relaxation Massage in Sushant Golf City, Lucknow",area-services/sushant-golf-city-full-body-relaxation-massage.html,https://lucknow-massage-spa.github.io/women-therapist-near-me/area-services/sushant-golf-city-full-body-relaxation-massage.html,3117,Sushant Golf City,Full Body Relaxation Massage,Embedded inside HTML,Embedded inside HTML
Area,"Women Therapist Near Me in Sushant Golf City, Lucknow",areas/sushant-golf-city-home-massage.html,https://lucknow-massage-spa.github.io/women-therapist-near-me/areas/sushant-golf-city-home-massage.html,2473,Sushant Golf City,,Embedded inside HTML,Embedded inside HTML
Area+Service,"Period Pain Relief Massage in Sushant Golf City, Lucknow",area-services/sushant-golf-city-period-pain-relief-massage.html,https://lucknow-massage-spa.github.io/women-therapist-near-me/area-services/sushant-golf-city-period-pain-relief-massage.html,3148,Sushant Golf City,Period Pain Relief Massage,Embedded inside HTML,Embedded inside HTML
Service,Swedish Massage,services/swedish-massage.html,https://lucknow-massage-spa.github.io/women-therapist-near-me/services/swedish-massage.html,2039,,Swedish Massage,Embedded inside HTML,Embedded inside HTML
Area+Service,"Back Pain Relief Massage in Takrohi, Lucknow",area-services/takrohi-back-pain-relief-massage.html,https://lucknow-massage-spa.github.io/women-therapist-near-me/area-services/takrohi-back-pain-relief-massage.html,3014,Takrohi,Back Pain Relief Massage,Embedded inside HTML,Embedded inside HTML
Area+Service,"Full Body Relaxation Massage in Takrohi, Lucknow",area-services/takrohi-full-body-relaxation-massage.html,https://lucknow-massage-spa.github.io/women-therapist-near-me/area-services/takrohi-full-body-relaxation-massage.html,2996,Takrohi,Full Body Relaxation Massage,Embedded inside HTML,Embedded inside HTML
Area,"Women Therapist Near Me in Takrohi, Lucknow",areas/takrohi-home-massage.html,https://lucknow-massage-spa.github.io/women-therapist-near-me/areas/takrohi-home-massage.html,2342,Takrohi,,Embedded inside HTML,Embedded inside HTML
Area+Service,"Period Pain Relief Massage in Takrohi, Lucknow",area-services/takrohi-period-pain-relief-massage.html,https://lucknow-massage-spa.github.io/women-therapist-near-me/area-services/takrohi-period-pain-relief-massage.html,3008,Takrohi,Period Pain Relief Massage,Embedded inside HTML,Embedded inside HTML
Area+Service,"Back Pain Relief Massage in Telibagh, Lucknow",area-services/telibagh-back-pain-relief-massage.html,https://lucknow-massage-spa.github.io/women-therapist-near-me/area-services/telibagh-back-pain-relief-massage.html,3016,Telibagh,Back Pain Relief Massage,Embedded inside HTML,Embedded inside HTML
Area+Service,"Full Body Relaxation Massage in Telibagh, Lucknow",area-services/telibagh-full-body-relaxation-massage.html,https://lucknow-massage-spa.github.io/women-therapist-near-me/area-services/telibagh-full-body-relaxation-massage.html,3008,Telibagh,Full Body Relaxation Massage,Embedded inside HTML,Embedded inside HTML
Area,"Women Therapist Near Me in Telibagh, Lucknow",areas/telibagh-home-massage.html,https://lucknow-massage-spa.github.io/women-therapist-near-me/areas/telibagh-home-massage.html,2342,Telibagh,,Embedded inside HTML,Embedded inside HTML
Area+Service,"Period Pain Relief Massage in Telibagh, Lucknow",area-services/telibagh-period-pain-relief-massage.html,https://lucknow-massage-spa.github.io/women-therapist-near-me/area-services/telibagh-period-pain-relief-massage.html,3015,Telibagh,Period Pain Relief Massage,Embedded inside HTML,Embedded inside HTML
Policy,Terms and Wellness Disclaimer,legal/terms.html,https://lucknow-massage-spa.github.io/women-therapist-near-me/legal/terms.html,899,,,Embedded inside HTML,Embedded inside HTML
Area+Service,"Back Pain Relief Massage in Thakurganj, Lucknow",area-services/thakurganj-back-pain-relief-massage.html,https://lucknow-massage-spa.github.io/women-therapist-near-me/area-services/thakurganj-back-pain-relief-massage.html,3012,Thakurganj,Back Pain Relief Massage,Embedded inside HTML,Embedded inside HTML
Area+Service,"Full Body Relaxation Massage in Thakurganj, Lucknow",area-services/thakurganj-full-body-relaxation-massage.html,https://lucknow-massage-spa.github.io/women-therapist-near-me/area-services/thakurganj-full-body-relaxation-massage.html,2997,Thakurganj,Full Body Relaxation Massage,Embedded inside HTML,Embedded inside HTML
Area,"Women Therapist Near Me in Thakurganj, Lucknow",areas/thakurganj-home-massage.html,https://lucknow-massage-spa.github.io/women-therapist-near-me/areas/thakurganj-home-massage.html,2343,Thakurganj,,Embedded inside HTML,Embedded inside HTML
Area+Service,"Period Pain Relief Massage in Thakurganj, Lucknow",area-services/thakurganj-period-pain-relief-massage.html,https://lucknow-massage-spa.github.io/women-therapist-near-me/area-services/thakurganj-period-pain-relief-massage.html,3001,Thakurganj,Period Pain Relief Massage,Embedded inside HTML,Embedded inside HTML
Area+Service,"Back Pain Relief Massage in Transport Nagar, Lucknow",area-services/transport-nagar-back-pain-relief-massage.html,https://lucknow-massage-spa.github.io/women-therapist-near-me/area-services/transport-nagar-back-pain-relief-massage.html,3070,Transport Nagar,Back Pain Relief Massage,Embedded inside HTML,Embedded inside HTML
Area+Service,"Full Body Relaxation Massage in Transport Nagar, Lucknow",area-services/transport-nagar-full-body-relaxation-massage.html,https://lucknow-massage-spa.github.io/women-therapist-near-me/area-services/transport-nagar-full-body-relaxation-massage.html,3045,Transport Nagar,Full Body Relaxation Massage,Embedded inside HTML,Embedded inside HTML
Area,"Women Therapist Near Me in Transport Nagar, Lucknow",areas/transport-nagar-home-massage.html,https://lucknow-massage-spa.github.io/women-therapist-near-me/areas/transport-nagar-home-massage.html,2403,Transport Nagar,,Embedded inside HTML,Embedded inside HTML
Area+Service,"Period Pain Relief Massage in Transport Nagar, Lucknow",area-services/transport-nagar-period-pain-relief-massage.html,https://lucknow-massage-spa.github.io/women-therapist-near-me/area-services/transport-nagar-period-pain-relief-massage.html,3069,Transport Nagar,Period Pain Relief Massage,Embedded inside HTML,Embedded inside HTML
Area+Service,"Back Pain Relief Massage in Triveni Nagar, Lucknow",area-services/triveni-nagar-back-pain-relief-massage.html,https://lucknow-massage-spa.github.io/women-therapist-near-me/area-services/triveni-nagar-back-pain-relief-massage.html,3076,Triveni Nagar,Back Pain Relief Massage,Embedded inside HTML,Embedded inside HTML
Area+Service,"Full Body Relaxation Massage in Triveni Nagar, Lucknow",area-services/triveni-nagar-full-body-relaxation-massage.html,https://lucknow-massage-spa.github.io/women-therapist-near-me/area-services/triveni-nagar-full-body-relaxation-massage.html,3054,Triveni Nagar,Full Body Relaxation Massage,Embedded inside HTML,Embedded inside HTML
Area,"Women Therapist Near Me in Triveni Nagar, Lucknow",areas/triveni-nagar-home-massage.html,https://lucknow-massage-spa.github.io/women-therapist-near-me/areas/triveni-nagar-home-massage.html,2395,Triveni Nagar,,Embedded inside HTML,Embedded inside HTML
Area+Service,"Period Pain Relief Massage in Triveni Nagar, Lucknow",area-services/triveni-nagar-period-pain-relief-massage.html,https://lucknow-massage-spa.github.io/women-therapist-near-me/area-services/triveni-nagar-period-pain-relief-massage.html,3057,Triveni Nagar,Period Pain Relief Massage,Embedded inside HTML,Embedded inside HTML
Area+Service,"Back Pain Relief Massage in Vasant Kunj, Lucknow",area-services/vasant-kunj-back-pain-relief-massage.html,https://lucknow-massage-spa.github.io/women-therapist-near-me/area-services/vasant-kunj-back-pain-relief-massage.html,3072,Vasant Kunj,Back Pain Relief Massage,Embedded inside HTML,Embedded inside HTML
Area+Service,"Full Body Relaxation Massage in Vasant Kunj, Lucknow",area-services/vasant-kunj-full-body-relaxation-massage.html,https://lucknow-massage-spa.github.io/women-therapist-near-me/area-services/vasant-kunj-full-body-relaxation-massage.html,3061,Vasant Kunj,Full Body Relaxation Massage,Embedded inside HTML,Embedded inside HTML
Area,"Women Therapist Near Me in Vasant Kunj, Lucknow",areas/vasant-kunj-home-massage.html,https://lucknow-massage-spa.github.io/women-therapist-near-me/areas/vasant-kunj-home-massage.html,2394,Vasant Kunj,,Embedded inside HTML,Embedded inside HTML
Area+Service,"Period Pain Relief Massage in Vasant Kunj, Lucknow",area-services/vasant-kunj-period-pain-relief-massage.html,https://lucknow-massage-spa.github.io/women-therapist-near-me/area-services/vasant-kunj-period-pain-relief-massage.html,3068,Vasant Kunj,Period Pain Relief Massage,Embedded inside HTML,Embedded inside HTML
Area+Service,"Back Pain Relief Massage in Vibhuti Khand, Lucknow",area-services/vibhuti-khand-back-pain-relief-massage.html,https://lucknow-massage-spa.github.io/women-therapist-near-me/area-services/vibhuti-khand-back-pain-relief-massage.html,3070,Vibhuti Khand,Back Pain Relief Massage,Embedded inside HTML,Embedded inside HTML
Area+Service,"Full Body Relaxation Massage in Vibhuti Khand, Lucknow",area-services/vibhuti-khand-full-body-relaxation-massage.html,https://lucknow-massage-spa.github.io/women-therapist-near-me/area-services/vibhuti-khand-full-body-relaxation-massage.html,3050,Vibhuti Khand,Full Body Relaxation Massage,Embedded inside HTML,Embedded inside HTML
Area,"Women Therapist Near Me in Vibhuti Khand, Lucknow",areas/vibhuti-khand-home-massage.html,https://lucknow-massage-spa.github.io/women-therapist-near-me/areas/vibhuti-khand-home-massage.html,2400,Vibhuti Khand,,Embedded inside HTML,Embedded inside HTML
Area+Service,"Period Pain Relief Massage in Vibhuti Khand, Lucknow",area-services/vibhuti-khand-period-pain-relief-massage.html,https://lucknow-massage-spa.github.io/women-therapist-near-me/area-services/vibhuti-khand-period-pain-relief-massage.html,3081,Vibhuti Khand,Period Pain Relief Massage,Embedded inside HTML,Embedded inside HTML
Area+Service,"Back Pain Relief Massage in Vijayant Khand, Lucknow",area-services/vijayant-khand-back-pain-relief-massage.html,https://lucknow-massage-spa.github.io/women-therapist-near-me/area-services/vijayant-khand-back-pain-relief-massage.html,3074,Vijayant Khand,Back Pain Relief Massage,Embedded inside HTML,Embedded inside HTML
Area+Service,"Full Body Relaxation Massage in Vijayant Khand, Lucknow",area-services/vijayant-khand-full-body-relaxation-massage.html,https://lucknow-massage-spa.github.io/women-therapist-near-me/area-services/vijayant-khand-full-body-relaxation-massage.html,3054,Vijayant Khand,Full Body Relaxation Massage,Embedded inside HTML,Embedded inside HTML
Area,"Women Therapist Near Me in Vijayant Khand, Lucknow",areas/vijayant-khand-home-massage.html,https://lucknow-massage-spa.github.io/women-therapist-near-me/areas/vijayant-khand-home-massage.html,2403,Vijayant Khand,,Embedded inside HTML,Embedded inside HTML
Area+Service,"Period Pain Relief Massage in Vijayant Khand, Lucknow",area-services/vijayant-khand-period-pain-relief-massage.html,https://lucknow-massage-spa.github.io/women-therapist-near-me/area-services/vijayant-khand-period-pain-relief-massage.html,3086,Vijayant Khand,Period Pain Relief Massage,Embedded inside HTML,Embedded inside HTML
Area+Service,"Back Pain Relief Massage in Vikas Nagar, Lucknow",area-services/vikas-nagar-back-pain-relief-massage.html,https://lucknow-massage-spa.github.io/women-therapist-near-me/area-services/vikas-nagar-back-pain-relief-massage.html,3081,Vikas Nagar,Back Pain Relief Massage,Embedded inside HTML,Embedded inside HTML
Area+Service,"Full Body Relaxation Massage in Vikas Nagar, Lucknow",area-services/vikas-nagar-full-body-relaxation-massage.html,https://lucknow-massage-spa.github.io/women-therapist-near-me/area-services/vikas-nagar-full-body-relaxation-massage.html,3058,Vikas Nagar,Full Body Relaxation Massage,Embedded inside HTML,Embedded inside HTML
Area,"Women Therapist Near Me in Vikas Nagar, Lucknow",areas/vikas-nagar-home-massage.html,https://lucknow-massage-spa.github.io/women-therapist-near-me/areas/vikas-nagar-home-massage.html,2404,Vikas Nagar,,Embedded inside HTML,Embedded inside HTML
Area+Service,"Period Pain Relief Massage in Vikas Nagar, Lucknow",area-services/vikas-nagar-period-pain-relief-massage.html,https://lucknow-massage-spa.github.io/women-therapist-near-me/area-services/vikas-nagar-period-pain-relief-massage.html,3080,Vikas Nagar,Period Pain Relief Massage,Embedded inside HTML,Embedded inside HTML
Area+Service,"Back Pain Relief Massage in Vikrant Khand, Lucknow",area-services/vikrant-khand-back-pain-relief-massage.html,https://lucknow-massage-spa.github.io/women-therapist-near-me/area-services/vikrant-khand-back-pain-relief-massage.html,3081,Vikrant Khand,Back Pain Relief Massage,Embedded inside HTML,Embedded inside HTML
Area+Service,"Full Body Relaxation Massage in Vikrant Khand, Lucknow",area-services/vikrant-khand-full-body-relaxation-massage.html,https://lucknow-massage-spa.github.io/women-therapist-near-me/area-services/vikrant-khand-full-body-relaxation-massage.html,3081,Vikrant Khand,Full Body Relaxation Massage,Embedded inside HTML,Embedded inside HTML
Area,"Women Therapist Near Me in Vikrant Khand, Lucknow",areas/vikrant-khand-home-massage.html,https://lucknow-massage-spa.github.io/women-therapist-near-me/areas/vikrant-khand-home-massage.html,2409,Vikrant Khand,,Embedded inside HTML,Embedded inside HTML
Area+Service,"Period Pain Relief Massage in Vikrant Khand, Lucknow",area-services/vikrant-khand-period-pain-relief-massage.html,https://lucknow-massage-spa.github.io/women-therapist-near-me/area-services/vikrant-khand-period-pain-relief-massage.html,3095,Vikrant Khand,Period Pain Relief Massage,Embedded inside HTML,Embedded inside HTML
Area+Service,"Back Pain Relief Massage in Vinay Khand, Lucknow",area-services/vinay-khand-back-pain-relief-massage.html,https://lucknow-massage-spa.github.io/women-therapist-near-me/area-services/vinay-khand-back-pain-relief-massage.html,3085,Vinay Khand,Back Pain Relief Massage,Embedded inside HTML,Embedded inside HTML
Area+Service,"Full Body Relaxation Massage in Vinay Khand, Lucknow",area-services/vinay-khand-full-body-relaxation-massage.html,https://lucknow-massage-spa.github.io/women-therapist-near-me/area-services/vinay-khand-full-body-relaxation-massage.html,3055,Vinay Khand,Full Body Relaxation Massage,Embedded inside HTML,Embedded inside HTML
Area,"Women Therapist Near Me in Vinay Khand, Lucknow",areas/vinay-khand-home-massage.html,https://lucknow-massage-spa.github.io/women-therapist-near-me/areas/vinay-khand-home-massage.html,2408,Vinay Khand,,Embedded inside HTML,Embedded inside HTML
Area+Service,"Period Pain Relief Massage in Vinay Khand, Lucknow",area-services/vinay-khand-period-pain-relief-massage.html,https://lucknow-massage-spa.github.io/women-therapist-near-me/area-services/vinay-khand-period-pain-relief-massage.html,3066,Vinay Khand,Period Pain Relief Massage,Embedded inside HTML,Embedded inside HTML
Area+Service,"Back Pain Relief Massage in Vipin Khand, Lucknow",area-services/vipin-khand-back-pain-relief-massage.html,https://lucknow-massage-spa.github.io/women-therapist-near-me/area-services/vipin-khand-back-pain-relief-massage.html,3076,Vipin Khand,Back Pain Relief Massage,Embedded inside HTML,Embedded inside HTML
Area+Service,"Full Body Relaxation Massage in Vipin Khand, Lucknow",area-services/vipin-khand-full-body-relaxation-massage.html,https://lucknow-massage-spa.github.io/women-therapist-near-me/area-services/vipin-khand-full-body-relaxation-massage.html,3056,Vipin Khand,Full Body Relaxation Massage,Embedded inside HTML,Embedded inside HTML
Area,"Women Therapist Near Me in Vipin Khand, Lucknow",areas/vipin-khand-home-massage.html,https://lucknow-massage-spa.github.io/women-therapist-near-me/areas/vipin-khand-home-massage.html,2404,Vipin Khand,,Embedded inside HTML,Embedded inside HTML
Area+Service,"Period Pain Relief Massage in Vipin Khand, Lucknow",area-services/vipin-khand-period-pain-relief-massage.html,https://lucknow-massage-spa.github.io/women-therapist-near-me/area-services/vipin-khand-period-pain-relief-massage.html,3058,Vipin Khand,Period Pain Relief Massage,Embedded inside HTML,Embedded inside HTML
Area+Service,"Back Pain Relief Massage in Vipul Khand, Lucknow",area-services/vipul-khand-back-pain-relief-massage.html,https://lucknow-massage-spa.github.io/women-therapist-near-me/area-services/vipul-khand-back-pain-relief-massage.html,3076,Vipul Khand,Back Pain Relief Massage,Embedded inside HTML,Embedded inside HTML
Area+Service,"Full Body Relaxation Massage in Vipul Khand, Lucknow",area-services/vipul-khand-full-body-relaxation-massage.html,https://lucknow-massage-spa.github.io/women-therapist-near-me/area-services/vipul-khand-full-body-relaxation-massage.html,3054,Vipul Khand,Full Body Relaxation Massage,Embedded inside HTML,Embedded inside HTML
Area,"Women Therapist Near Me in Vipul Khand, Lucknow",areas/vipul-khand-home-massage.html,https://lucknow-massage-spa.github.io/women-therapist-near-me/areas/vipul-khand-home-massage.html,2416,Vipul Khand,,Embedded inside HTML,Embedded inside HTML
Area+Service,"Period Pain Relief Massage in Vipul Khand, Lucknow",area-services/vipul-khand-period-pain-relief-massage.html,https://lucknow-massage-spa.github.io/women-therapist-near-me/area-services/vipul-khand-period-pain-relief-massage.html,3065,Vipul Khand,Period Pain Relief Massage,Embedded inside HTML,Embedded inside HTML
Area+Service,"Back Pain Relief Massage in Viraj Khand, Lucknow",area-services/viraj-khand-back-pain-relief-massage.html,https://lucknow-massage-spa.github.io/women-therapist-near-me/area-services/viraj-khand-back-pain-relief-massage.html,3076,Viraj Khand,Back Pain Relief Massage,Embedded inside HTML,Embedded inside HTML
Area+Service,"Full Body Relaxation Massage in Viraj Khand, Lucknow",area-services/viraj-khand-full-body-relaxation-massage.html,https://lucknow-massage-spa.github.io/women-therapist-near-me/area-services/viraj-khand-full-body-relaxation-massage.html,3050,Viraj Khand,Full Body Relaxation Massage,Embedded inside HTML,Embedded inside HTML
Area,"Women Therapist Near Me in Viraj Khand, Lucknow",areas/viraj-khand-home-massage.html,https://lucknow-massage-spa.github.io/women-therapist-near-me/areas/viraj-khand-home-massage.html,2403,Viraj Khand,,Embedded inside HTML,Embedded inside HTML
Area+Service,"Period Pain Relief Massage in Viraj Khand, Lucknow",area-services/viraj-khand-period-pain-relief-massage.html,https://lucknow-massage-spa.github.io/women-therapist-near-me/area-services/viraj-khand-period-pain-relief-massage.html,3060,Viraj Khand,Period Pain Relief Massage,Embedded inside HTML,Embedded inside HTML
Area+Service,"Back Pain Relief Massage in Vrindavan Yojna, Lucknow",area-services/vrindavan-yojna-back-pain-relief-massage.html,https://lucknow-massage-spa.github.io/women-therapist-near-me/area-services/vrindavan-yojna-back-pain-relief-massage.html,3072,Vrindavan Yojna,Back Pain Relief Massage,Embedded inside HTML,Embedded inside HTML
Area+Service,"Full Body Relaxation Massage in Vrindavan Yojna, Lucknow",area-services/vrindavan-yojna-full-body-relaxation-massage.html,https://lucknow-massage-spa.github.io/women-therapist-near-me/area-services/vrindavan-yojna-full-body-relaxation-massage.html,3051,Vrindavan Yojna,Full Body Relaxation Massage,Embedded inside HTML,Embedded inside HTML
Area,"Women Therapist Near Me in Vrindavan Yojna, Lucknow",areas/vrindavan-yojna-home-massage.html,https://lucknow-massage-spa.github.io/women-therapist-near-me/areas/vrindavan-yojna-home-massage.html,2399,Vrindavan Yojna,,Embedded inside HTML,Embedded inside HTML
Area+Service,"Period Pain Relief Massage in Vrindavan Yojna, Lucknow",area-services/vrindavan-yojna-period-pain-relief-massage.html,https://lucknow-massage-spa.github.io/women-therapist-near-me/area-services/vrindavan-yojna-period-pain-relief-massage.html,3069,Vrindavan Yojna,Period Pain Relief Massage,Embedded inside HTML,Embedded inside HTML
Area+Service,"Back Pain Relief Massage in Wazirganj, Lucknow",area-services/wazirganj-back-pain-relief-massage.html,https://lucknow-massage-spa.github.io/women-therapist-near-me/area-services/wazirganj-back-pain-relief-massage.html,3038,Wazirganj,Back Pain Relief Massage,Embedded inside HTML,Embedded inside HTML
Area+Service,"Full Body Relaxation Massage in Wazirganj, Lucknow",area-services/wazirganj-full-body-relaxation-massage.html,https://lucknow-massage-spa.github.io/women-therapist-near-me/area-services/wazirganj-full-body-relaxation-massage.html,3016,Wazirganj,Full Body Relaxation Massage,Embedded inside HTML,Embedded inside HTML
Area,"Women Therapist Near Me in Wazirganj, Lucknow",areas/wazirganj-home-massage.html,https://lucknow-massage-spa.github.io/women-therapist-near-me/areas/wazirganj-home-massage.html,2341,Wazirganj,,Embedded inside HTML,Embedded inside HTML
Area+Service,"Period Pain Relief Massage in Wazirganj, Lucknow",area-services/wazirganj-period-pain-relief-massage.html,https://lucknow-massage-spa.github.io/women-therapist-near-me/area-services/wazirganj-period-pain-relief-massage.html,3024,Wazirganj,Period Pain Relief Massage,Embedded inside HTML,Embedded inside HTML
Service,Wellness Massage Package,services/wellness-massage-package.html,https://lucknow-massage-spa.github.io/women-therapist-near-me/services/wellness-massage-package.html,2081,,Wellness Massage Package,Embedded inside HTML,Embedded inside HTML
Area+Service,"Back Pain Relief Massage in Yahiyaganj, Lucknow",area-services/yahiyaganj-back-pain-relief-massage.html,https://lucknow-massage-spa.github.io/women-therapist-near-me/area-services/yahiyaganj-back-pain-relief-massage.html,3002,Yahiyaganj,Back Pain Relief Massage,Embedded inside HTML,Embedded inside HTML
Area+Service,"Full Body Relaxation Massage in Yahiyaganj, Lucknow",area-services/yahiyaganj-full-body-relaxation-massage.html,https://lucknow-massage-spa.github.io/women-therapist-near-me/area-services/yahiyaganj-full-body-relaxation-massage.html,2998,Yahiyaganj,Full Body Relaxation Massage,Embedded inside HTML,Embedded inside HTML
Area,"Women Therapist Near Me in Yahiyaganj, Lucknow",areas/yahiyaganj-home-massage.html,https://lucknow-massage-spa.github.io/women-therapist-near-me/areas/yahiyaganj-home-massage.html,2329,Yahiyaganj,,Embedded inside HTML,Embedded inside HTML
Area+Service,"Period Pain Relief Massage in Yahiyaganj, Lucknow",area-services/yahiyaganj-period-pain-relief-massage.html,https://lucknow-massage-spa.github.io/women-therapist-near-me/area-services/yahiyaganj-period-pain-relief-massage.html,3017,Yahiyaganj,Period Pain Relief Massage,Embedded inside HTML,Embedded inside HTML
